RegistryDate,ExpirationDate,HostCountry,DomainAge,URLType
2020-02-16 21:07:51,2025-02-16 21:07:51,AE,43,1
2004-06-20 18:57:38,2020-06-20 18:57:38,US,5762,0
2013-01-29 09:58:25,2021-01-29 09:58:25,US,2618,0
2006-02-22 11:21:13,2021-02-22 11:21:13,NL,5151,0
,,,0,0
2003-04-09 15:02:30,2020-04-09 15:02:30,DE,6201,0
2018-06-25 05:49:58,2020-06-25 05:49:58,CN,645,1
2012-03-06 20:59:19,2021-03-06 20:59:19,CN,2946,1
2014-07-04 07:35:02,2021-07-04 07:35:02,CN,2097,1
2014-12-31 06:05:20,2021-12-31 06:05:20,US,1917,1
2013-01-29 09:58:25,2021-01-29 09:58:25,US,2618,0
1993-09-30 04:00:00,2025-09-29 04:00:00,US,9679,0
2010-06-22 06:38:59,2023-06-22 06:38:59,CN,3570,1
2002-07-01 16:57:10,2020-07-01 17:02:35,US,6482,0
1998-05-13 04:00:00,2020-05-12 04:00:00,FR,7993,0
,,,0,0
,2028-06-17 00:00:00,,0,0
2004-03-15 23:27:20,2021-03-15 22:27:20,PA,5859,0
2015-06-08 06:40:44,2020-06-08 06:40:44,US,1758,1
,,,0,0
2013-12-09 00:00:00,2020-08-31 15:00:00,,2304,0
1993-09-30 04:00:00,2025-09-29 04:00:00,US,9679,0
,,,0,1
2010-06-22 06:38:59,2023-06-22 06:38:59,CN,3570,1
2014-05-15 08:17:10,2020-05-15 08:17:10,TH,2147,1
1998-09-10 04:00:00,2021-09-09 04:00:00,US,7873,0
2005-06-10 22:56:20,2021-06-10 22:56:20,US,5407,0
2013-03-19 20:03:25,2021-03-19 20:03:25,EG,2568,0
2006-07-26 20:57:04,2020-07-26 20:57:04,US,4996,0
2008-10-08 07:01:33,2020-10-08 07:01:33,PA,4192,1
2017-08-06 18:26:17,2020-08-06 18:26:17,US,967,0
2010-06-22 06:38:59,2023-06-22 06:38:59,CN,3570,1
2017-03-08 11:20:42,2021-03-08 11:20:42,,1119,1
1999-10-27 13:00:00,2020-10-26 14:00:00,,7461,0
,,,0,1
2016-02-20 19:31:47,2020-02-20 19:31:47,REDACTED FOR PRIVACY,1500,1
2010-06-22 06:38:59,2023-06-22 06:38:59,CN,3570,1
,,,0,0
,,,0,1
,,,0,0
2011-04-29 11:29:16,2020-04-29 11:29:16,US,3259,0
1991-07-25 04:00:00,2028-07-24 04:00:00,US,10477,0
2011-04-29 11:29:16,2020-04-29 11:29:16,US,3259,0
2004-06-14 17:25:27,2020-06-14 17:25:27,,5768,0
2010-10-30 05:10:57,2021-10-30 05:10:57,US,3440,0
2011-04-29 11:29:16,2020-04-29 11:29:16,US,3259,0
,,,0,0
,,,0,1
,,,0,0
1995-11-01 05:00:00,2021-02-02 11:59:59,US,8917,0
2008-03-13 11:09:23,2021-03-13 11:09:23,US,4401,1
2010-07-30 23:46:41,2021-02-02 11:59:59,,3531,0
2010-06-22 06:38:59,2023-06-22 06:38:59,CN,3570,1
,,,0,0
,,,0,0
,,,0,1
2000-01-21 16:28:17,2021-01-21 16:28:17,US,7375,0
2008-03-13 11:09:23,2021-03-13 11:09:23,US,4401,1
2020-02-16 21:07:51,2025-02-16 21:07:51,AE,43,1
,,,0,0
2010-06-22 06:38:59,2023-06-22 06:38:59,CN,3570,1
2003-08-29 20:11:53,2020-08-29 20:11:53,,6058,1
,,,0,0
2010-06-22 06:38:59,2023-06-22 06:38:59,CN,3570,1
1999-02-17 05:00:00,2023-02-17 05:00:00,US,7713,1
,,,0,1
2010-06-22 06:38:59,2023-06-22 06:38:59,CN,3570,1
1993-09-30 04:00:00,2025-09-29 04:00:00,US,9679,0
2010-06-22 06:38:59,2023-06-22 06:38:59,CN,3570,1
,,,0,1
2004-10-18 00:00:00,2022-10-27 00:00:00,,5643,0
2016-06-27 04:48:43,2020-06-27 04:48:43,IN,1373,1
2004-08-28 04:23:26,2022-08-28 04:23:26,US,5694,0
2011-08-30 17:16:40,2025-08-30 17:16:40,US,3135,0
1995-07-16 04:00:00,2021-07-15 04:00:00,US,9025,0
2004-06-14 17:25:27,2020-06-14 17:25:27,,5768,0
2019-04-10 02:25:01,2020-04-10 02:25:01,REDACTED FOR PRIVACY,356,1
1997-06-12 04:00:00,2020-06-11 04:00:00,US,8328,0
1990-03-12 05:00:00,2021-03-13 04:00:00,US,10977,0
2009-12-21 01:20:46,2020-12-21 01:20:46,CN,3753,1
2014-12-31 06:05:20,2021-12-31 06:05:20,US,1917,1
2008-08-02 19:06:27,2020-08-02 19:06:27,PA,4258,0
2015-06-08 06:40:44,2020-06-08 06:40:44,US,1758,1
2000-01-21 16:28:17,2021-01-21 16:28:17,US,7375,0
,,,0,0
2008-07-14 20:00:00,2020-07-14 21:00:00,,4277,0
2010-06-22 06:38:59,2023-06-22 06:38:59,CN,3570,1
2011-04-29 11:29:16,2020-04-29 11:29:16,US,3259,0
2017-09-22 09:30:41,2020-09-22 09:30:41,IN,921,1
1995-07-16 04:00:00,2021-07-15 04:00:00,US,9025,0
1998-01-09 05:00:00,2021-01-08 05:00:00,US,8117,0
2010-06-22 06:38:59,2023-06-22 06:38:59,CN,3570,1
2010-06-22 06:38:59,2023-06-22 06:38:59,CN,3570,1
2014-12-31 06:05:20,2021-12-31 06:05:20,US,1917,1
2004-03-15 23:27:20,2021-03-15 22:27:20,PA,5859,0
,,,0,0
2009-02-07 19:41:59,2028-02-07 19:41:59,REDACTED FOR PRIVACY,4069,0
1996-07-16 04:00:00,2021-07-15 04:00:00,IN,8659,0
2017-08-11 18:52:19,2020-08-11 18:52:19,CN,962,1
2010-06-22 06:38:59,2023-06-22 06:38:59,CN,3570,1
2010-06-22 06:38:59,2023-06-22 06:38:59,CN,3570,1
2009-03-15 03:13:53,2021-03-15 03:13:53,US,4034,0
2010-06-22 06:38:59,2023-06-22 06:38:59,CN,3570,1
2008-08-02 19:06:27,2020-08-02 19:06:27,PA,4258,0
1993-09-30 04:00:00,2025-09-29 04:00:00,US,9679,0
2011-11-28 12:25:06,2020-11-28 12:25:06,ZA,3046,1
2019-04-10 02:25:01,2020-04-10 02:25:01,REDACTED FOR PRIVACY,356,1
2009-04-03 20:00:00,2021-04-03 21:00:00,,4014,0
2010-06-22 06:38:59,2023-06-22 06:38:59,CN,3570,1
1997-03-29 05:00:00,2028-03-30 04:00:00,US,8403,1
,,,0,0
2010-06-22 06:38:59,2023-06-22 06:38:59,CN,3570,1
1999-12-02 15:08:09,2020-12-02 15:08:09,US,7425,0
2014-07-04 07:35:02,2021-07-04 07:35:02,CN,2097,1
2013-03-19 20:03:25,2021-03-19 20:03:25,EG,2568,0
2010-06-22 06:38:59,2023-06-22 06:38:59,CN,3570,1
1998-01-09 05:00:00,2021-01-08 05:00:00,US,8117,0
2002-05-20 18:06:29,2023-05-20 18:06:29,IN,6524,0
2019-08-27 12:01:44,2020-08-27 12:01:44,REDACTED FOR PRIVACY,217,1
2010-06-22 06:38:59,2023-06-22 06:38:59,CN,3570,1
2013-06-16 02:38:02,2021-06-16 02:38:02,US,2480,1
2010-06-22 06:38:59,2023-06-22 06:38:59,CN,3570,1
1999-03-25 05:00:00,2025-03-25 04:00:00,US,7677,0
1997-09-15 04:00:00,2028-09-14 04:00:00,US,8233,1
,,,0,1
2013-12-09 00:00:00,2020-08-31 15:00:00,,2304,0
2013-06-16 02:38:02,2021-06-16 02:38:02,US,2480,1
1996-05-20 04:00:00,2020-05-21 04:00:00,US,8716,0
2020-02-16 21:07:51,2025-02-16 21:07:51,AE,43,1
,,,0,0
2008-03-13 11:09:23,2021-03-13 11:09:23,US,4401,1
2010-06-22 06:38:59,2023-06-22 06:38:59,CN,3570,1
,,,0,1
2010-06-22 06:38:59,2023-06-22 06:38:59,CN,3570,1
2006-11-10 17:56:31,2020-11-10 17:56:31,,4889,0
2012-03-06 20:59:19,2021-03-06 20:59:19,CN,2946,1
,,,0,0
2019-12-04 05:23:05,2020-12-04 05:23:05,CN,118,1
2014-07-05 18:43:20,2021-07-05 18:43:20,US,2095,1
,,,0,0
2010-06-22 06:38:59,2023-06-22 06:38:59,CN,3570,1
1996-08-30 04:00:00,2024-08-29 04:00:00,US,8614,0
2003-08-29 10:57:54,2023-08-29 10:57:54,CN,6059,1
1999-10-27 13:00:00,2020-10-26 14:00:00,,7461,0
2013-01-29 09:58:25,2021-01-29 09:58:25,US,2618,0
2011-04-29 11:29:16,2020-04-29 11:29:16,US,3259,0
2009-02-07 19:41:59,2028-02-07 19:41:59,REDACTED FOR PRIVACY,4069,0
2002-04-21 07:14:49,2020-04-21 07:14:49,CN,6554,1
2015-06-08 06:40:44,2020-06-08 06:40:44,US,1758,1
2010-06-22 06:38:59,2023-06-22 06:38:59,CN,3570,1
2004-08-28 04:23:26,2022-08-28 04:23:26,US,5694,0
2019-05-21 14:30:37,2020-05-21 14:30:37,CN,315,1
2003-12-26 19:18:07,2021-02-02 11:59:59,US,5939,0
2010-06-22 06:38:59,2023-06-22 06:38:59,CN,3570,1
2008-02-04 19:59:11,2021-02-04 19:59:11,US,4438,0
2008-08-02 19:06:27,2020-08-02 19:06:27,PA,4258,0
2010-06-22 06:38:59,2023-06-22 06:38:59,CN,3570,1
2009-12-21 01:20:46,2020-12-21 01:20:46,CN,3753,1
2010-06-22 06:38:59,2023-06-22 06:38:59,CN,3570,1
,,,0,1
2013-06-16 02:38:02,2021-06-16 02:38:02,US,2480,1
2014-12-31 06:05:20,2021-12-31 06:05:20,US,1917,1
2017-08-06 18:26:17,2020-08-06 18:26:17,US,967,0
2006-05-28 02:08:53,2021-05-28 02:08:53,US,5056,0
2003-08-29 10:57:54,2023-08-29 10:57:54,CN,6059,1
1998-02-28 05:00:00,2025-02-28 05:00:00,CN,8067,1
1998-05-27 04:00:00,2020-05-26 04:00:00,US,7979,0
2010-06-22 06:38:59,2023-06-22 06:38:59,CN,3570,1
2010-06-22 06:38:59,2023-06-22 06:38:59,CN,3570,1
,,,0,0
2010-06-22 06:38:59,2023-06-22 06:38:59,CN,3570,1
1999-08-08 04:48:02,2020-08-08 04:47:54,US,7541,0
,,,0,0
2010-06-22 06:38:59,2023-06-22 06:38:59,CN,3570,1
,,,0,1
2012-03-06 20:59:19,2021-03-06 20:59:19,CN,2946,1
2010-06-22 06:38:59,2023-06-22 06:38:59,CN,3570,1
2017-08-06 18:26:17,2020-08-06 18:26:17,US,967,0
2010-12-03 12:08:35,2023-12-03 12:08:35,BS,3406,0
2007-02-26 13:17:56,2022-02-26 13:17:56,REDACTED FOR PRIVACY,4782,1
2010-06-22 06:38:59,2023-06-22 06:38:59,CN,3570,1
2002-04-03 23:34:10,2021-04-03 22:34:10,CN,6571,1
2010-06-22 06:38:59,2023-06-22 06:38:59,CN,3570,1
,,,0,0
2010-06-22 06:38:59,2023-06-22 06:38:59,CN,3570,1
1999-10-11 11:05:17,2026-10-11 11:05:17,CN,7477,1
2001-12-31 14:08:18,2024-12-31 14:08:18,US,6665,0
1997-10-05 04:00:00,2020-10-04 04:00:00,US,8213,0
,,,0,1
2010-06-22 06:38:59,2023-06-22 06:38:59,CN,3570,1
2010-06-22 06:38:59,2023-06-22 06:38:59,CN,3570,1
2010-06-22 06:38:59,2023-06-22 06:38:59,CN,3570,1
2010-06-22 06:38:59,2023-06-22 06:38:59,CN,3570,1
2010-06-22 06:38:59,2023-06-22 06:38:59,CN,3570,1
2014-07-05 18:43:20,2021-07-05 18:43:20,US,2095,1
,,,0,0
,,,0,1
2015-03-24 07:05:16,2021-03-24 07:05:16,US,1834,0
2010-06-22 06:38:59,2023-06-22 06:38:59,CN,3570,1
2015-06-08 06:40:44,2020-06-08 06:40:44,US,1758,1
2010-06-22 06:38:59,2023-06-22 06:38:59,CN,3570,1
1998-05-27 04:00:00,2020-05-26 04:00:00,US,7979,0
2002-05-20 18:06:29,2023-05-20 18:06:29,IN,6524,0
2014-03-31 08:10:16,2023-03-31 08:10:16,US,2192,1
,,,0,0
2009-06-12 13:55:30,2020-06-12 13:55:30,US,3945,0
2014-12-31 06:05:20,2021-12-31 06:05:20,US,1917,1
2010-06-22 06:38:59,2023-06-22 06:38:59,CN,3570,1
2006-11-10 16:09:39,2020-11-10 16:09:39,,4890,1
2012-06-26 05:22:07,2020-06-26 05:22:07,REDACTED FOR PRIVACY,2835,1
2013-02-25 11:05:01,2021-02-25 11:05:01,IN,2591,1
,,,0,0
2004-10-18 00:00:00,2022-10-27 00:00:00,,5643,0
2017-05-20 18:31:08,2020-05-20 18:31:08,REDACTED FOR PRIVACY,1045,1
2014-04-02 02:15:54,2020-04-02 02:15:54,CN,2190,1
2010-06-22 06:38:59,2023-06-22 06:38:59,CN,3570,1
2010-01-15 07:24:23,2026-01-15 07:24:23,CN,3728,1
2014-07-05 18:43:20,2021-07-05 18:43:20,US,2095,1
2017-08-06 18:26:17,2020-08-06 18:26:17,US,967,0
2013-03-19 20:03:25,2021-03-19 20:03:25,EG,2568,0
2017-08-06 18:26:17,2020-08-06 18:26:17,US,967,0
1998-05-27 04:00:00,2020-05-26 04:00:00,US,7979,0
2008-08-02 19:06:27,2020-08-02 19:06:27,PA,4258,0
1996-09-19 04:00:00,2028-04-30 04:23:28,US,8594,1
2008-09-16 13:28:35,2020-09-19 00:00:00,,4214,0
1998-09-25 04:00:00,2020-09-24 04:00:00,JP,7858,0
2017-05-20 18:31:08,2020-05-20 18:31:08,REDACTED FOR PRIVACY,1045,1
2013-08-16 03:38:05,2021-08-16 03:38:05,HK,2419,1
1998-07-08 04:00:00,2020-07-07 04:00:00,JP,7937,0
2010-06-22 06:38:59,2023-06-22 06:38:59,CN,3570,1
,2028-06-17 00:00:00,,0,0
2012-03-06 20:59:19,2021-03-06 20:59:19,,2946,1
2009-12-21 01:20:46,2020-12-21 01:20:46,CN,3753,1
2011-04-29 11:29:16,2020-04-29 11:29:16,US,3259,0
,,,0,1
2005-07-19 14:50:34,2026-07-19 14:50:34,US,5369,0
2014-12-31 06:05:20,2021-12-31 06:05:20,US,1917,1
2017-08-11 18:52:19,2020-08-11 18:52:19,CN,962,1
,2028-06-17 00:00:00,,0,0
2015-04-04 11:44:50,2022-04-04 11:44:50,US,1823,1
,,,0,1
2005-01-11 14:20:09,2021-01-11 14:20:09,,5558,1
2010-06-22 06:38:59,2023-06-22 06:38:59,CN,3570,1
2009-02-07 19:41:59,2028-02-07 19:41:59,REDACTED FOR PRIVACY,4069,0
2010-06-22 06:38:59,2023-06-22 06:38:59,CN,3570,1
2010-06-22 06:38:59,2023-06-22 06:38:59,CN,3570,1
2010-06-22 06:38:59,2023-06-22 06:38:59,CN,3570,1
2011-02-03 06:10:08,2021-02-03 06:10:08,US,3344,0
1998-07-08 04:00:00,2020-07-07 04:00:00,JP,7937,0
2010-06-22 06:38:59,2023-06-22 06:38:59,CN,3570,1
,,,0,0
1993-12-01 05:00:00,2025-12-08 16:40:05,GB,9617,1
2008-03-19 18:43:06,2020-10-22 03:59:59,US,4394,0
2004-10-18 00:00:00,2022-10-27 00:00:00,,5643,0
2008-11-29 09:50:23,2023-11-29 09:50:23,JP,4140,0
2010-12-03 12:08:35,2023-12-03 12:08:35,BS,3406,0
2004-06-14 17:25:27,2020-06-14 17:25:27,,5768,0
2001-03-11 21:19:21,2021-03-11 20:19:21,DE,6959,1
2010-06-22 06:38:59,2023-06-22 06:38:59,CN,3570,1
2012-07-19 22:45:03,2020-07-19 22:45:03,RU,2811,1
2004-11-19 05:50:20,2021-11-19 05:50:20,PA,5611,0
,,,0,0
1998-01-09 05:00:00,2021-01-08 05:00:00,US,8117,0
,,,0,1
2009-12-21 01:20:46,2020-12-21 01:20:46,CN,3753,1
,,,0,0
1996-09-29 04:00:00,2020-09-28 04:00:00,US,8584,0
2013-10-03 03:21:45,2020-10-03 03:21:45,CN,2371,1
2011-04-29 11:29:16,2020-04-29 11:29:16,US,3259,0
,,,0,1
2007-03-28 10:50:10,2021-03-28 10:50:10,,4752,1
,,,0,0
2005-04-28 00:32:00,2021-04-28 00:32:00,US,5451,0
,,,0,1
2001-10-26 06:29:51,2020-10-26 06:29:51,KR,6731,0
2013-01-29 09:58:25,2021-01-29 09:58:25,US,2618,0
2000-01-21 16:28:17,2021-01-21 16:28:17,US,7375,0
,,,0,0
1997-04-10 04:00:00,2027-04-11 04:00:00,IN,8391,0
,,,0,1
2005-04-28 00:32:00,2021-04-28 00:32:00,US,5451,0
2005-06-10 22:56:20,2021-06-10 22:56:20,US,5407,0
2019-08-13 04:01:45,2020-08-13 04:01:45,,231,1
2010-06-22 06:38:59,2023-06-22 06:38:59,CN,3570,1
2008-03-13 11:09:23,2021-03-13 11:09:23,US,4401,1
2013-01-29 09:58:25,2021-01-29 09:58:25,US,2618,0
2020-02-16 21:07:51,2025-02-16 21:07:51,AE,43,1
,2028-06-17 00:00:00,,0,0
2003-08-29 10:57:54,2023-08-29 10:57:54,CN,6059,1
2010-06-22 06:38:59,2023-06-22 06:38:59,CN,3570,1
,,,0,1
2009-10-29 02:40:57,2021-10-29 02:40:57,AU,3806,0
,,,0,1
2010-06-22 06:38:59,2023-06-22 06:38:59,CN,3570,1
2010-06-22 06:38:59,2023-06-22 06:38:59,CN,3570,1
2009-02-17 16:08:34,2021-02-17 16:08:34,,4060,1
2012-12-28 14:27:20,2026-12-28 14:27:20,US,2650,0
1999-08-08 04:48:02,2020-08-08 04:47:54,US,7541,0
2009-02-07 19:41:59,2028-02-07 19:41:59,REDACTED FOR PRIVACY,4069,0
2010-06-22 06:38:59,2023-06-22 06:38:59,CN,3570,1
2014-09-26 19:13:12,2020-09-26 19:13:12,CN,2012,1
,,,0,0
2009-01-21 19:21:42,2023-07-16 03:59:59,US,4086,0
2010-06-22 06:38:59,2023-06-22 06:38:59,CN,3570,1
2010-06-22 06:38:59,2023-06-22 06:38:59,CN,3570,1
2010-06-22 06:38:59,2023-06-22 06:38:59,CN,3570,1
1996-02-11 05:00:00,2022-02-12 05:00:00,KR,8815,0
2005-06-10 22:56:20,2021-06-10 22:56:20,US,5407,0
2012-03-06 20:59:19,2021-03-06 20:59:19,CN,2946,1
1999-05-20 03:06:00,2028-05-20 03:06:36,CA,7621,0
2008-08-02 19:06:27,2020-08-02 19:06:27,PA,4258,0
,,,0,1
2010-04-04 20:54:03,2020-04-04 20:54:03,IL,3648,0
2008-07-14 20:00:00,2020-07-14 21:00:00,,4277,0
2006-11-10 16:09:39,2020-11-10 16:09:39,,4890,1
2010-06-22 06:38:59,2023-06-22 06:38:59,CN,3570,1
,,,0,0
,,,0,0
2010-06-22 06:38:59,2023-06-22 06:38:59,CN,3570,1
2006-11-01 23:03:24,2028-11-17 23:39:45,US,4898,0
2010-06-22 06:38:59,2023-06-22 06:38:59,CN,3570,1
2004-09-08 16:04:52,2020-09-08 16:04:52,US,5683,0
,,,0,0
2001-10-21 19:11:37,2020-10-21 19:11:37,US,6735,0
2015-02-12 00:00:00,2021-02-12 00:00:00,,1874,0
2011-04-29 11:29:16,2020-04-29 11:29:16,US,3259,0
,,,0,1
2010-06-22 06:38:59,2023-06-22 06:38:59,CN,3570,1
,,,0,1
1999-10-27 13:00:00,2020-10-26 14:00:00,,7461,0
2010-06-22 06:38:59,2023-06-22 06:38:59,CN,3570,1
2003-10-12 22:23:19,2021-10-12 22:23:19,US,6014,1
,,,0,1
2010-06-22 06:38:59,2023-06-22 06:38:59,CN,3570,1
2010-06-22 06:38:59,2023-06-22 06:38:59,CN,3570,1
2020-02-16 21:07:51,2025-02-16 21:07:51,AE,43,1
2010-06-22 06:38:59,2023-06-22 06:38:59,CN,3570,1
2004-06-20 18:57:38,2020-06-20 18:57:38,US,5762,0
2013-02-25 11:05:01,2021-02-25 11:05:01,IN,2591,1
2012-03-06 20:59:19,2021-03-06 20:59:19,CN,2946,1
2010-06-22 06:38:59,2023-06-22 06:38:59,CN,3570,1
,,,0,1
,,,0,0
2011-02-09 20:53:37,2021-02-09 20:53:37,US,3337,0
,,,0,0
2013-02-27 09:47:42,2021-02-27 09:47:41,,2589,0
2010-06-22 06:38:59,2023-06-22 06:38:59,CN,3570,1
2012-03-06 20:59:19,2021-03-06 20:59:19,CN,2946,1
2010-06-22 06:38:59,2023-06-22 06:38:59,CN,3570,1
1995-11-01 05:00:00,2021-02-02 11:59:59,US,8917,0
2012-05-10 00:27:37,2020-05-10 00:27:37,JP,2882,0
,,,0,1
,,,0,0
2014-07-04 07:35:02,2021-07-04 07:35:02,CN,2097,1
1995-11-01 05:00:00,2021-02-02 11:59:59,US,8917,0
1995-03-23 05:00:00,2021-02-07 14:42:01,US,9140,0
,,,0,0
2013-02-27 09:47:42,2021-02-27 09:47:41,,2589,0
2008-08-02 19:06:27,2020-08-02 19:06:27,PA,4258,0
2013-10-21 18:53:58,2024-10-21 18:53:58,US,2352,0
2012-03-06 20:59:19,2021-03-06 20:59:19,CN,2946,1
1999-08-08 04:48:02,2020-08-08 04:47:54,US,7541,0
2010-12-03 12:08:35,2023-12-03 12:08:35,BS,3406,0
1997-06-12 04:00:00,2020-06-11 04:00:00,US,8328,0
,,,0,0
2010-12-03 12:08:35,2023-12-03 12:08:35,BS,3406,0
2010-06-22 06:38:59,2023-06-22 06:38:59,CN,3570,1
2009-10-22 02:06:38,2022-10-22 02:06:38,REDACTED FOR PRIVACY,3813,1
2020-02-16 21:07:51,2025-02-16 21:07:51,AE,43,1
2020-03-05 20:19:59,2021-03-05 20:19:59,CN,25,1
1999-05-03 20:39:04,2020-05-03 20:37:28,JP,7637,0
,,,0,0
1999-08-08 04:48:02,2020-08-08 04:47:54,US,7541,0
2012-05-10 00:27:37,2020-05-10 00:27:37,JP,2882,0
2012-05-10 00:27:37,2020-05-10 00:27:37,JP,2882,0
2010-06-22 06:38:59,2023-06-22 06:38:59,CN,3570,1
1991-07-25 04:00:00,2028-07-24 04:00:00,US,10477,0
2013-12-09 00:00:00,2020-08-31 15:00:00,,2304,0
2013-06-16 02:38:02,2021-06-16 02:38:02,US,2480,1
,,,0,0
2015-06-17 07:55:56,2025-06-17 07:55:56,BS,1749,1
1996-05-01 04:00:00,2021-05-02 04:00:00,US,8735,0
,,,0,0
2000-02-20 16:55:16,2028-12-29 02:29:44,PA,7344,0
1996-02-11 05:00:00,2022-02-12 05:00:00,KR,8815,0
2008-08-02 19:06:27,2020-08-02 19:06:27,PA,4258,0
2010-05-29 02:03:48,2021-05-29 02:03:48,US,3594,0
2004-06-20 18:57:38,2020-06-20 18:57:38,US,5762,0
1998-05-27 04:00:00,2020-05-26 04:00:00,US,7979,0
2013-01-29 09:58:25,2021-01-29 09:58:25,US,2618,0
2010-06-22 06:38:59,2023-06-22 06:38:59,CN,3570,1
2003-08-29 10:57:54,2023-08-29 10:57:54,CN,6059,1
2020-02-16 21:07:51,2025-02-16 21:07:51,AE,43,1
2010-06-22 06:38:59,2023-06-22 06:38:59,CN,3570,1
2012-07-19 22:45:03,2020-07-19 22:45:03,RU,2811,1
1993-09-30 04:00:00,2025-09-29 04:00:00,US,9679,0
1999-10-27 13:00:00,2020-10-26 14:00:00,,7461,0
2010-06-22 06:38:59,2023-06-22 06:38:59,CN,3570,1
,,,0,0
2013-01-29 09:58:25,2021-01-29 09:58:25,US,2618,0
2014-04-02 02:15:54,2020-04-02 02:15:54,CN,2190,1
2010-06-22 06:38:59,2023-06-22 06:38:59,CN,3570,1
2000-03-08 21:45:43,2021-03-08 21:45:43,CA,7327,1
2003-08-29 10:57:54,2023-08-29 10:57:54,CN,6059,1
2010-06-22 06:38:59,2023-06-22 06:38:59,CN,3570,1
2010-06-22 06:38:59,2023-06-22 06:38:59,CN,3570,1
2003-08-29 10:57:54,2023-08-29 10:57:54,CN,6059,1
2014-07-05 18:43:20,2021-07-05 18:43:20,US,2095,1
1999-10-27 13:00:00,2020-10-26 14:00:00,,7461,0
2008-07-12 21:44:45,2021-02-23 04:59:59,US,4279,0
2014-09-26 19:13:12,2020-09-26 19:13:12,CN,2012,1
2002-04-21 07:14:49,2020-04-21 07:14:49,CN,6554,1
,,,0,1
,,,0,1
2011-06-21 09:01:50,2020-06-21 09:01:50,DE,3206,1
2010-06-22 06:38:59,2023-06-22 06:38:59,CN,3570,1
1996-02-27 00:00:00,2020-12-01 00:00:00,,8799,0
2005-07-19 14:50:34,2026-07-19 14:50:34,US,5369,0
2013-01-29 09:58:25,2021-01-29 09:58:25,US,2618,0
,,,0,0
,,,0,1
2018-04-07 06:41:19,2020-04-07 06:41:19,,724,1
2000-08-24 04:46:13,2020-08-24 04:46:13,US,7159,0
2016-01-04 11:26:32,2021-01-04 11:26:32,US,1548,1
2004-07-23 22:24:10,2020-07-23 22:24:10,ca,5729,0
1998-09-10 04:00:00,2021-09-09 04:00:00,US,7873,0
2010-06-22 06:38:59,2023-06-22 06:38:59,CN,3570,1
2011-12-14 06:42:17,2020-12-14 06:42:17,CN,3030,1
2015-03-24 07:05:16,2021-03-24 07:05:16,US,1834,0
,,,0,0
2007-11-27 03:49:29,2021-11-27 03:49:29,AU,4508,0
2010-06-22 06:38:59,2023-06-22 06:38:59,CN,3570,1
2007-11-27 03:49:29,2021-11-27 03:49:29,AU,4508,0
,,,0,0
2004-06-14 17:25:27,2020-06-14 17:25:27,,5768,0
,2028-06-17 00:00:00,,0,0
,,,0,0
2012-03-16 00:00:00,2022-03-16 00:00:00,,2937,1
2015-06-08 06:40:44,2020-06-08 06:40:44,US,1758,1
,,,0,0
2004-06-14 17:25:27,2020-06-14 17:25:27,,5768,0
2004-11-19 05:50:20,2021-11-19 05:50:20,PA,5611,0
2019-04-10 02:25:01,2020-04-10 02:25:01,REDACTED FOR PRIVACY,356,1
,,,0,0
1996-08-30 04:00:00,2024-08-29 04:00:00,US,8614,0
2000-01-21 16:28:17,2021-01-21 16:28:17,US,7375,0
2014-11-03 12:17:56,2021-11-03 12:17:56,US,1975,1
1991-07-25 04:00:00,2028-07-24 04:00:00,US,10477,0
2003-09-11 17:06:56,2020-09-11 17:06:56,IN,6045,1
1996-08-30 04:00:00,2024-08-29 04:00:00,US,8614,0
,,,0,1
,,,0,1
1997-04-10 04:00:00,2027-04-11 04:00:00,IN,8391,0
1996-02-11 05:00:00,2022-02-12 05:00:00,KR,8815,0
2010-06-22 06:38:59,2023-06-22 06:38:59,CN,3570,1
2010-06-22 06:38:59,2023-06-22 06:38:59,CN,3570,1
1997-08-24 04:00:00,2020-08-23 04:00:00,,8255,0
1995-07-16 04:00:00,2021-07-15 04:00:00,US,9025,0
2003-12-26 19:18:07,2021-02-02 11:59:59,US,5939,0
,,,0,0
1995-05-05 04:00:00,2023-05-06 04:00:00,US,9097,0
1993-09-30 04:00:00,2025-09-29 04:00:00,US,9679,0
,,,0,0
1996-09-29 04:00:00,2020-09-28 04:00:00,,8584,0
2004-03-15 23:27:20,2021-03-15 22:27:20,PA,5859,0
2003-08-29 10:57:54,2023-08-29 10:57:54,CN,6059,1
2005-03-14 18:41:22,2021-03-14 17:41:22,US,5495,0
2019-04-10 02:25:01,2020-04-10 02:25:01,REDACTED FOR PRIVACY,356,1
2000-08-24 04:46:13,2020-08-24 04:46:13,US,7159,0
2010-06-22 06:38:59,2023-06-22 06:38:59,CN,3570,1
,2028-06-17 00:00:00,,0,0
,,,0,0
2010-01-30 20:44:17,2021-01-30 20:44:17,,3712,1
2014-07-05 18:43:20,2021-07-05 18:43:20,US,2095,1
2005-06-10 22:56:20,2021-06-10 22:56:20,US,5407,0
1996-02-11 05:00:00,2022-02-12 05:00:00,KR,8815,0
2010-06-22 06:38:59,2023-06-22 06:38:59,CN,3570,1
2000-03-08 21:45:43,2021-03-08 21:45:43,CA,7327,1
2003-08-29 10:57:54,2023-08-29 10:57:54,CN,6059,1
1996-05-01 04:00:00,2021-05-02 04:00:00,,8735,0
2014-02-25 00:44:07,2024-02-25 00:44:07,US,2226,0
2011-08-30 17:16:40,2025-08-30 17:16:40,,3135,0
2016-06-27 04:48:43,2020-06-27 04:48:43,IN,1373,1
2001-12-31 14:08:18,2024-12-31 14:08:18,US,6665,0
2015-02-09 18:46:12,2021-02-09 18:46:12,FR,1876,0
,2028-06-17 00:00:00,,0,0
,,,0,1
1996-05-20 04:00:00,2020-05-21 04:00:00,US,8716,0
2000-01-21 16:28:17,2021-01-21 16:28:17,US,7375,0
2010-01-30 20:44:17,2021-01-30 20:44:17,,3712,1
2019-02-06 20:00:11,2021-02-06 20:00:11,VN,418,0
,,,0,0
2020-02-16 21:07:51,2025-02-16 21:07:51,AE,43,1
,,,0,0
2008-03-19 18:43:06,2020-10-22 03:59:59,US,4394,0
2005-01-18 12:00:49,2021-01-18 12:00:49,,5551,0
2020-02-16 21:07:51,2025-02-16 21:07:51,AE,43,1
1998-09-10 04:00:00,2021-09-09 04:00:00,US,7873,0
,,,0,0
2011-04-29 11:29:16,2020-04-29 11:29:16,US,3259,0
2012-07-10 08:24:05,2021-07-10 08:24:05,REDACTED FOR PRIVACY,2821,1
2013-06-16 02:38:02,2021-06-16 02:38:02,US,2480,1
2010-06-22 06:38:59,2023-06-22 06:38:59,CN,3570,1
2008-07-12 21:44:45,2021-02-23 04:59:59,US,4279,0
1993-05-13 04:00:00,2020-05-14 04:00:00,US,9819,1
2009-12-21 01:20:46,2020-12-21 01:20:46,CN,3753,1
2010-06-22 06:38:59,2023-06-22 06:38:59,CN,3570,1
2004-06-14 17:25:27,2020-06-14 17:25:27,,5768,0
1995-07-16 04:00:00,2021-07-15 04:00:00,US,9025,0
2008-07-12 21:44:45,2021-02-23 04:59:59,US,4279,0
,,,0,0
2010-06-22 06:38:59,2023-06-22 06:38:59,CN,3570,1
2004-07-15 20:57:48,2021-07-15 20:57:48,US,5737,1
2017-08-11 18:47:13,2020-08-11 18:47:13,CN,962,1
2008-09-16 13:28:35,2020-09-19 00:00:00,,4214,0
1997-10-01 10:11:55,2020-10-31 21:00:00,,8217,0
,,,0,0
2010-06-22 06:38:59,2023-06-22 06:38:59,CN,3570,1
2010-06-22 06:38:59,2023-06-22 06:38:59,CN,3570,1
2010-06-22 06:38:59,2023-06-22 06:38:59,CN,3570,1
1998-07-08 04:00:00,2020-07-07 04:00:00,JP,7937,0
2010-06-22 06:38:59,2023-06-22 06:38:59,CN,3570,1
1996-02-22 05:00:00,2023-02-23 05:00:00,US,8804,0
2010-06-22 06:38:59,2023-06-22 06:38:59,CN,3570,1
2008-08-02 19:06:27,2020-08-02 19:06:27,PA,4258,0
2012-03-06 20:59:19,2021-03-06 20:59:19,CN,2946,1
,,,0,0
2015-06-08 06:40:44,2020-06-08 06:40:44,US,1758,1
2010-06-22 06:38:59,2023-06-22 06:38:59,CN,3570,1
2004-06-14 17:25:27,2020-06-14 17:25:27,,5768,0
2020-02-16 21:07:51,2025-02-16 21:07:51,AE,43,1
2019-10-26 21:55:49,2020-10-26 21:55:49,UA,156,1
2015-04-04 11:44:50,2022-04-04 11:44:50,US,1823,1
1999-03-25 05:00:00,2025-03-25 04:00:00,US,7677,0
2010-06-22 06:38:59,2023-06-22 06:38:59,CN,3570,1
1998-10-28 05:00:00,2020-10-27 04:00:00,ES,7825,1
,,,0,1
2010-06-22 06:38:59,2023-06-22 06:38:59,CN,3570,1
2012-03-06 20:59:19,2021-03-06 20:59:19,CN,2946,1
2015-02-09 18:46:12,2021-02-09 18:46:12,FR,1876,0
2020-02-16 21:07:51,2025-02-16 21:07:51,AE,43,1
,,,0,0
2013-12-09 00:00:00,2020-08-31 15:00:00,,2304,0
2014-03-31 08:10:16,2023-03-31 08:10:16,US,2192,1
2011-11-28 12:25:06,2020-11-28 12:25:06,ZA,3046,1
,,,0,1
2010-06-22 06:38:59,2023-06-22 06:38:59,CN,3570,1
2006-02-22 11:21:13,2021-02-22 11:21:13,NL,5151,0
2010-06-22 06:38:59,2023-06-22 06:38:59,CN,3570,1
2010-04-04 20:54:03,2020-04-04 20:54:03,IL,3648,0
2014-11-03 12:17:56,2021-11-03 12:17:56,US,1975,1
1993-09-30 04:00:00,2025-09-29 04:00:00,US,9679,0
2009-10-22 02:06:38,2022-10-22 02:06:38,REDACTED FOR PRIVACY,3813,1
2010-06-22 06:38:59,2023-06-22 06:38:59,CN,3570,1
2000-01-21 16:28:17,2021-01-21 16:28:17,US,7375,0
2010-06-22 06:38:59,2023-06-22 06:38:59,CN,3570,1
2008-08-02 19:06:27,2020-08-02 19:06:27,PA,4258,0
2010-06-22 06:38:59,2023-06-22 06:38:59,CN,3570,1
2012-07-10 08:24:05,2021-07-10 08:24:05,REDACTED FOR PRIVACY,2821,1
2018-06-25 05:49:58,2020-06-25 05:49:58,CN,645,1
2010-06-22 06:38:59,2023-06-22 06:38:59,CN,3570,1
2014-04-02 02:15:54,2020-04-02 02:15:54,CN,2190,1
2015-06-08 06:40:44,2020-06-08 06:40:44,US,1758,1
,,,0,0
2012-03-06 20:59:19,2021-03-06 20:59:19,,2946,1
2004-11-19 05:50:20,2021-11-19 05:50:20,PA,5611,0
2006-03-22 00:00:00,2020-08-22 00:00:00,,5123,0
2008-07-24 20:00:00,2020-07-24 21:00:00,,4267,0
2020-02-16 21:07:51,2025-02-16 21:07:51,AE,43,1
2017-05-20 18:31:08,2020-05-20 18:31:08,REDACTED FOR PRIVACY,1045,1
1998-02-28 05:00:00,2021-02-28 05:00:00,CN,8067,1
2013-01-29 09:58:25,2021-01-29 09:58:25,US,2618,0
2010-06-22 06:38:59,2023-06-22 06:38:59,CN,3570,1
2020-03-05 20:19:59,2021-03-05 20:19:59,CN,25,1
2011-04-29 11:29:16,2020-04-29 11:29:16,US,3259,0
2001-02-18 21:00:00,2021-02-19 21:00:00,,6980,0
2010-06-22 06:38:59,2023-06-22 06:38:59,CN,3570,1
2008-09-16 13:28:35,2020-09-19 00:00:00,,4214,0
,,,0,0
1996-02-11 05:00:00,2022-02-12 05:00:00,KR,8815,0
2004-05-04 02:14:07,2028-05-04 02:14:07,,5810,0
,,,0,0
2010-06-22 06:38:59,2023-06-22 06:38:59,CN,3570,1
2017-08-06 18:26:17,2020-08-06 18:26:17,US,967,0
2018-06-25 05:49:58,2020-06-25 05:49:58,CN,645,1
2006-05-30 07:53:31,2020-05-30 07:53:31,CN,5054,1
2011-08-30 17:16:40,2025-08-30 17:16:40,US,3135,0
2010-06-22 06:38:59,2023-06-22 06:38:59,CN,3570,1
2011-04-29 11:29:16,2020-04-29 11:29:16,US,3259,0
2001-07-13 08:33:58,2025-11-09 05:23:07,TR,6836,0
2013-01-29 09:58:25,2021-01-29 09:58:25,US,2618,0
,,,0,1
2019-12-10 00:00:00,2020-12-10 00:00:00,,112,0
2006-11-01 23:03:24,2028-11-17 23:39:45,US,4898,0
,,,0,0
2002-07-01 16:57:10,2020-07-01 17:02:35,US,6482,0
1999-08-08 04:48:02,2020-08-08 04:47:54,US,7541,0
2000-01-20 04:38:40,2029-01-20 04:38:40,US,7376,0
,,,0,1
2011-02-03 06:10:08,2021-02-03 06:10:08,US,3344,0
2019-02-16 21:49:48,2021-02-16 21:49:48,,408,1
,,,0,0
2010-03-11 20:09:19,2021-03-11 19:09:19,,3672,1
2005-07-19 14:50:34,2026-07-19 14:50:34,US,5369,0
2011-04-29 11:29:16,2020-04-29 11:29:16,US,3259,0
2004-09-03 20:40:52,2020-09-03 20:40:52,US,5687,0
2010-06-22 06:38:59,2023-06-22 06:38:59,CN,3570,1
2004-03-15 23:27:20,2021-03-15 22:27:20,PA,5859,0
2013-12-09 00:00:00,2020-08-31 15:00:00,,2304,0
2010-03-11 20:09:19,2021-03-11 19:09:19,,3672,1
1999-08-08 04:48:02,2020-08-08 04:47:54,US,7541,0
,,,0,1
2016-09-29 18:35:32,2020-09-29 18:35:32,US,1278,1
2014-12-31 06:05:20,2021-12-31 06:05:20,US,1917,1
2008-04-20 10:08:00,2021-04-20 10:08:00,US,4363,1
2001-05-17 03:04:05,2020-05-17 03:04:05,CN,6893,1
2013-01-29 09:58:25,2021-01-29 09:58:25,US,2618,0
1998-09-10 04:00:00,2021-09-09 04:00:00,US,7873,0
2004-06-20 18:57:38,2020-06-20 18:57:38,US,5762,0
,,,0,1
2010-06-22 06:38:59,2023-06-22 06:38:59,CN,3570,1
2008-08-02 19:06:27,2020-08-02 19:06:27,PA,4258,0
2010-06-22 06:38:59,2023-06-22 06:38:59,CN,3570,1
2013-12-09 00:00:00,2020-08-31 15:00:00,,2304,0
2010-06-22 06:38:59,2023-06-22 06:38:59,CN,3570,1
2010-06-22 06:38:59,2023-06-22 06:38:59,CN,3570,1
2013-03-19 20:03:25,2021-03-19 20:03:25,EG,2568,0
2010-06-22 06:38:59,2023-06-22 06:38:59,CN,3570,1
2011-11-28 12:25:06,2020-11-28 12:25:06,ZA,3046,1
2014-11-03 12:17:56,2021-11-03 12:17:56,US,1975,1
,,,0,1
2009-12-21 01:20:46,2020-12-21 01:20:46,CN,3753,1
1996-09-17 04:00:00,2020-09-16 04:00:00,US,8596,0
,,,0,1
2020-03-05 20:19:59,2021-03-05 20:19:59,CN,25,1
2010-06-22 06:38:59,2023-06-22 06:38:59,CN,3570,1
,,,0,0
2017-05-20 18:31:08,2020-05-20 18:31:08,REDACTED FOR PRIVACY,1045,1
2006-01-12 21:00:00,2021-01-12 21:00:00,,5191,0
,,,0,1
,,,0,1
2019-08-27 12:01:44,2020-08-27 12:01:44,REDACTED FOR PRIVACY,217,1
1998-09-10 04:00:00,2021-09-09 04:00:00,US,7873,0
2015-02-09 18:46:12,2021-02-09 18:46:12,FR,1876,0
2010-01-30 20:44:17,2021-01-30 20:44:17,,3712,1
,,,0,1
2007-04-02 12:48:32,2021-04-02 12:48:32,CY,4747,0
2004-06-20 18:57:38,2020-06-20 18:57:38,US,5762,0
2008-08-02 19:06:27,2020-08-02 19:06:27,PA,4258,0
2003-09-11 17:06:56,2020-09-11 17:06:56,IN,6045,1
2010-06-22 06:38:59,2023-06-22 06:38:59,CN,3570,1
1998-09-10 04:00:00,2021-09-09 04:00:00,US,7873,0
2010-06-22 06:38:59,2023-06-22 06:38:59,CN,3570,1
2009-04-03 20:00:00,2021-04-03 21:00:00,,4014,0
2015-03-24 07:05:16,2021-03-24 07:05:16,US,1834,0
2011-11-28 12:25:06,2020-11-28 12:25:06,ZA,3046,1
,,,0,0
2014-09-26 19:13:12,2020-09-26 19:13:12,CN,2012,1
2005-02-07 04:35:25,2022-02-07 04:35:25,US,5531,0
2003-10-12 22:23:19,2021-10-12 22:23:19,US,6014,1
2010-06-22 06:38:59,2023-06-22 06:38:59,CN,3570,1
2010-12-03 12:08:35,2023-12-03 12:08:35,BS,3406,0
2011-11-28 12:25:06,2020-11-28 12:25:06,ZA,3046,1
2020-01-21 08:07:22,2021-01-21 08:07:22,PH,70,1
2009-12-21 01:20:46,2020-12-21 01:20:46,CN,3753,1
2005-01-17 01:00:00,2023-01-17 23:59:59,,5552,1
2010-07-30 23:46:41,2021-02-02 11:59:59,US,3531,0
2002-10-16 07:11:58,2020-10-16 07:11:58,PA,6376,0
,,,0,0
2014-04-02 02:15:54,2020-04-02 02:15:54,CN,2190,1
1991-07-25 04:00:00,2028-07-24 04:00:00,US,10477,0
,,,0,0
1993-09-30 04:00:00,2025-09-29 04:00:00,US,9679,0
2014-07-05 18:43:20,2021-07-05 18:43:20,US,2095,1
2013-01-29 09:58:25,2021-01-29 09:58:25,US,2618,0
2006-03-22 00:00:00,2020-08-22 00:00:00,,5123,0
2015-04-04 11:44:50,2022-04-04 11:44:50,US,1823,1
1996-05-01 04:00:00,2021-05-02 04:00:00,US,8735,0
2010-03-11 20:09:19,2021-03-11 19:09:19,,3672,1
2001-10-21 19:11:37,2020-10-21 19:11:37,US,6735,0
,,,0,1
2004-06-20 18:57:38,2020-06-20 18:57:38,US,5762,0
2009-03-15 03:13:53,2021-03-15 03:13:53,US,4034,0
2006-05-28 02:08:53,2021-05-28 02:08:53,US,5056,0
2008-03-13 11:09:23,2021-03-13 11:09:23,US,4401,1
2008-02-21 21:00:00,2021-02-21 21:00:00,,4421,0
2003-12-26 19:18:07,2021-02-02 11:59:59,US,5939,0
,,,0,1
2015-12-01 19:04:11,2020-12-01 19:04:11,US,1581,1
2010-06-22 06:38:59,2023-06-22 06:38:59,CN,3570,1
2010-12-03 12:08:35,2023-12-03 12:08:35,BS,3406,0
2004-09-08 16:04:52,2020-09-08 16:04:52,US,5683,0
2012-03-06 20:59:19,2021-03-06 20:59:19,CN,2946,1
1998-09-10 04:00:00,2021-09-09 04:00:00,US,7873,0
2002-06-21 19:57:26,2020-06-21 04:00:00,,6492,1
2013-03-19 20:03:25,2021-03-19 20:03:25,EG,2568,0
1997-06-12 04:00:00,2020-06-11 04:00:00,US,8328,0
2010-06-22 06:38:59,2023-06-22 06:38:59,CN,3570,1
2010-06-22 06:38:59,2023-06-22 06:38:59,CN,3570,1
,,,0,1
,,,0,0
2010-06-22 06:38:59,2023-06-22 06:38:59,CN,3570,1
2010-06-22 06:38:59,2023-06-22 06:38:59,CN,3570,1
2012-03-06 20:59:19,2021-03-06 20:59:19,CN,2946,1
2006-03-22 00:00:00,2020-08-22 00:00:00,,5123,0
2010-06-22 06:38:59,2023-06-22 06:38:59,CN,3570,1
1996-05-20 04:00:00,2020-05-21 04:00:00,US,8716,0
2009-02-07 19:41:59,2028-02-07 19:41:59,REDACTED FOR PRIVACY,4069,0
2014-04-02 02:15:54,2020-04-02 02:15:54,CN,2190,1
2014-04-02 02:15:54,2020-04-02 02:15:54,CN,2190,1
2010-06-22 06:38:59,2023-06-22 06:38:59,CN,3570,1
2008-03-13 11:09:23,2021-03-13 11:09:23,US,4401,1
2008-08-02 19:06:27,2020-08-02 19:06:27,PA,4258,0
1995-07-16 04:00:00,2021-07-15 04:00:00,US,9025,0
2008-08-02 19:06:27,2020-08-02 19:06:27,PA,4258,0
2020-03-05 20:19:59,2021-03-05 20:19:59,CN,25,1
2020-02-16 21:07:51,2025-02-16 21:07:51,AE,43,1
2010-06-22 06:38:59,2023-06-22 06:38:59,CN,3570,1
2010-06-22 06:38:59,2023-06-22 06:38:59,CN,3570,1
2010-06-22 06:38:59,2023-06-22 06:38:59,CN,3570,1
2006-08-31 13:43:57,2021-08-31 13:43:57,AU,4961,0
2020-02-16 21:07:51,2025-02-16 21:07:51,AE,43,1
2010-06-22 06:38:59,2023-06-22 06:38:59,CN,3570,1
2004-06-14 17:25:27,2020-06-14 17:25:27,,5768,0
2010-06-22 06:38:59,2023-06-22 06:38:59,CN,3570,1
1995-11-01 05:00:00,2021-02-02 11:59:59,US,8917,0
2008-03-13 11:09:23,2021-03-13 11:09:23,US,4401,1
2010-06-22 06:38:59,2023-06-22 06:38:59,CN,3570,1
1993-09-30 04:00:00,2025-09-29 04:00:00,US,9679,0
2008-09-16 13:28:35,2020-09-19 00:00:00,,4214,0
2005-12-31 04:47:04,2026-12-31 04:47:04,us,5204,0
2015-02-09 18:46:12,2021-02-09 18:46:12,FR,1876,0
2012-03-06 20:59:19,2021-03-06 20:59:19,CN,2946,1
2011-11-28 12:25:06,2020-11-28 12:25:06,ZA,3046,1
2007-02-23 22:21:41,2021-02-23 22:21:41,US,4784,0
2012-07-10 08:24:05,2021-07-10 08:24:05,REDACTED FOR PRIVACY,2821,1
2000-01-21 16:28:17,2021-01-21 16:28:17,US,7375,0
1999-10-27 13:00:00,2020-10-26 14:00:00,,7461,0
1998-05-27 04:00:00,2020-05-26 04:00:00,US,7979,0
2012-03-06 20:59:19,2021-03-06 20:59:19,CN,2946,1
2009-04-03 20:00:00,2021-04-03 21:00:00,,4014,0
,,,0,1
2012-07-19 22:45:03,2020-07-19 22:45:03,RU,2811,1
2010-06-22 06:38:59,2023-06-22 06:38:59,CN,3570,1
,,,0,0
2010-06-22 06:38:59,2023-06-22 06:38:59,CN,3570,1
,,,0,1
,,,0,1
2010-04-04 20:54:03,2020-04-04 20:54:03,IL,3648,0
2007-09-28 11:09:56,2021-09-28 11:09:56,CN,4568,1
,,,0,0
2018-06-25 05:49:58,2020-06-25 05:49:58,CN,645,1
2017-05-20 18:31:08,2020-05-20 18:31:08,REDACTED FOR PRIVACY,1045,1
2018-05-19 18:42:35,2020-05-19 18:42:35,CN,681,1
2003-12-26 19:18:07,2021-02-02 11:59:59,US,5939,0
2010-01-30 20:44:17,2021-01-30 20:44:17,,3712,1
2005-06-10 22:56:20,2021-06-10 22:56:20,US,5407,0
2010-06-22 06:38:59,2023-06-22 06:38:59,CN,3570,1
2003-08-29 10:57:54,2023-08-29 10:57:54,CN,6059,1
2006-01-04 18:11:50,2021-01-04 18:11:50,US,5199,1
2014-02-25 00:44:07,2024-02-25 00:44:07,US,2226,0
2010-06-22 06:38:59,2023-06-22 06:38:59,CN,3570,1
,,,0,0
2010-06-22 06:38:59,2023-06-22 06:38:59,CN,3570,1
2005-06-10 22:56:20,2021-06-10 22:56:20,US,5407,0
2010-06-22 06:38:59,2023-06-22 06:38:59,CN,3570,1
2004-06-20 18:57:38,2020-06-20 18:57:38,US,5762,0
,,,0,1
2005-10-01 12:38:17,2020-10-01 12:38:17,DK,5295,0
2013-02-27 09:47:42,2021-02-27 09:47:41,,2589,0
2010-12-03 12:08:35,2023-12-03 12:08:35,BS,3406,0
2010-06-22 06:38:59,2023-06-22 06:38:59,CN,3570,1
2014-07-04 07:35:02,2021-07-04 07:35:02,CN,2097,1
2006-11-10 17:56:31,2020-11-10 17:56:31,,4889,0
2010-06-22 06:38:59,2023-06-22 06:38:59,CN,3570,1
2011-11-28 12:25:06,2020-11-28 12:25:06,ZA,3046,1
1995-11-01 05:00:00,2021-02-02 11:59:59,US,8917,0
1999-08-08 04:48:02,2020-08-08 04:47:54,US,7541,0
2008-03-13 11:09:23,2021-03-13 11:09:23,US,4401,1
2010-06-22 06:38:59,2023-06-22 06:38:59,CN,3570,1
2010-06-22 06:38:59,2023-06-22 06:38:59,CN,3570,1
2013-04-21 23:13:51,2021-04-21 23:13:51,GB,2535,1
2012-03-06 20:59:19,2021-03-06 20:59:19,CN,2946,1
1996-07-16 04:00:00,2021-07-15 04:00:00,IN,8659,0
2000-03-08 21:45:43,2021-03-08 21:45:43,CA,7327,1
2017-08-06 18:26:17,2020-08-06 18:26:17,US,967,0
1999-08-08 04:48:02,2020-08-08 04:47:54,US,7541,0
1998-01-09 05:00:00,2021-01-08 05:00:00,US,8117,0
2002-05-20 18:06:29,2023-05-20 18:06:29,IN,6524,0
2004-06-11 07:54:36,2027-06-11 07:54:36,CN,5772,1
2008-08-02 19:06:27,2020-08-02 19:06:27,PA,4258,0
2011-04-29 11:29:16,2020-04-29 11:29:16,US,3259,0
2013-03-19 20:03:25,2021-03-19 20:03:25,EG,2568,0
2008-09-16 13:28:35,2020-09-19 00:00:00,,4214,0
1999-10-27 13:00:00,2020-10-26 14:00:00,,7461,0
2015-03-24 07:05:16,2021-03-24 07:05:16,US,1834,0
2008-02-04 19:59:11,2021-02-04 19:59:11,US,4438,0
2011-11-28 12:25:06,2020-11-28 12:25:06,ZA,3046,1
2011-04-14 15:24:51,2022-04-14 15:24:51,US,3274,0
2013-12-09 00:00:00,2020-08-31 15:00:00,,2304,0
,,,0,0
,,,0,0
1999-03-25 05:00:00,2025-03-25 04:00:00,US,7677,0
1993-09-30 04:00:00,2025-09-29 04:00:00,US,9679,0
2000-03-08 21:45:43,2021-03-08 21:45:43,CA,7327,1
2010-12-03 12:08:35,2023-12-03 12:08:35,BS,3406,0
,,,0,1
2010-12-03 12:08:35,2023-12-03 12:08:35,BS,3406,0
,,,0,0
2010-06-22 06:38:59,2023-06-22 06:38:59,CN,3570,1
2005-07-19 14:50:34,2026-07-19 14:50:34,US,5369,0
1996-02-11 05:00:00,2022-02-12 05:00:00,KR,8815,0
1998-01-09 05:00:00,2021-01-08 05:00:00,US,8117,0
2015-02-09 18:46:12,2021-02-09 18:46:12,FR,1876,0
2015-03-24 07:05:16,2021-03-24 07:05:16,US,1834,0
2010-03-11 20:09:19,2021-03-11 19:09:19,,3672,1
2015-06-08 06:40:44,2020-06-08 06:40:44,US,1758,1
2011-11-21 15:01:28,2024-11-21 15:01:28,US,3053,0
2010-06-22 06:38:59,2023-06-22 06:38:59,CN,3570,1
2019-12-10 00:00:00,2020-12-10 00:00:00,,112,0
1997-10-05 04:00:00,2020-10-04 04:00:00,US,8213,0
2013-03-19 20:03:25,2021-03-19 20:03:25,EG,2568,0
,,,0,1
2005-08-18 02:10:45,2024-01-16 04:59:59,US,5339,1
2002-05-20 18:06:29,2023-05-20 18:06:29,IN,6524,0
2004-11-19 05:50:20,2021-11-19 05:50:20,PA,5611,0
1996-07-16 04:00:00,2021-07-15 04:00:00,IN,8659,0
,,,0,0
2004-11-19 05:50:20,2021-11-19 05:50:20,PA,5611,0
2013-01-29 09:58:25,2021-01-29 09:58:25,US,2618,0
2008-08-02 19:06:27,2020-08-02 19:06:27,PA,4258,0
2013-05-15 09:38:07,2020-05-15 09:38:07,US,2512,1
2008-08-02 19:06:27,2020-08-02 19:06:27,PA,4258,0
,2028-06-17 00:00:00,,0,0
2000-02-20 16:55:16,2028-12-29 02:29:44,PA,7345,0
2012-03-06 20:59:19,2021-03-06 20:59:19,CN,2946,1
2009-12-12 21:00:00,2020-12-12 21:00:00,,3761,1
2010-06-22 06:38:59,2023-06-22 06:38:59,CN,3570,1
2016-08-15 00:52:57,2020-08-15 00:52:57,,1324,1
2002-09-09 20:52:02,2021-09-09 20:52:58,GI,6412,1
2010-06-22 06:38:59,2023-06-22 06:38:59,CN,3570,1
1993-09-30 04:00:00,2025-09-29 04:00:00,US,9679,0
1996-08-30 04:00:00,2024-08-29 04:00:00,US,8614,0
2014-09-26 19:13:12,2020-09-26 19:13:12,CN,2012,1
1995-05-05 04:00:00,2023-05-06 04:00:00,US,9097,0
1997-06-12 04:00:00,2020-06-11 04:00:00,US,8328,0
2006-03-22 00:00:00,2020-08-22 00:00:00,,5123,0
,,,0,0
2010-06-22 06:38:59,2023-06-22 06:38:59,CN,3570,1
2011-04-14 15:24:51,2022-04-14 15:24:51,US,3274,0
1999-09-29 06:03:23,2020-09-29 06:03:14,US,7489,0
2011-04-29 11:29:16,2020-04-29 11:29:16,US,3259,0
2010-12-03 12:08:35,2023-12-03 12:08:35,BS,3406,0
2014-11-03 12:17:56,2021-11-03 12:17:56,US,1975,1
2019-04-10 02:25:01,2020-04-10 02:25:01,REDACTED FOR PRIVACY,356,1
2020-03-05 20:19:59,2021-03-05 20:19:59,CN,25,1
2010-06-22 06:38:59,2023-06-22 06:38:59,CN,3570,1
2010-06-22 06:38:59,2023-06-22 06:38:59,CN,3570,1
2010-06-22 06:38:59,2023-06-22 06:38:59,CN,3570,1
,,,0,1
,,,0,0
2000-02-20 16:55:16,2028-12-29 02:29:44,PA,7345,0
,,,0,0
2020-03-05 20:19:59,2021-03-05 20:19:59,CN,25,1
2010-06-22 06:38:59,2023-06-22 06:38:59,CN,3570,1
1995-11-01 05:00:00,2021-02-02 11:59:59,US,8917,0
,,,0,0
2001-12-31 14:08:18,2024-12-31 14:08:18,US,6665,0
2010-06-22 06:38:59,2023-06-22 06:38:59,CN,3570,1
2011-11-28 12:25:06,2020-11-28 12:25:06,ZA,3046,1
2010-06-22 06:38:59,2023-06-22 06:38:59,CN,3570,1
2009-12-21 01:20:46,2020-12-21 01:20:46,CN,3753,1
1997-04-10 04:00:00,2027-04-11 04:00:00,IN,8391,0
2010-06-22 06:38:59,2023-06-22 06:38:59,CN,3570,1
2016-08-08 18:53:41,2020-08-08 18:53:41,CN,1330,1
2002-03-26 01:18:55,2021-03-26 00:18:55,US,6580,0
2002-10-16 07:11:58,2020-10-16 07:11:58,PA,6376,0
2010-06-22 06:38:59,2023-06-22 06:38:59,CN,3570,1
2006-03-22 00:00:00,2020-08-22 00:00:00,,5123,0
1999-10-27 13:00:00,2020-10-26 14:00:00,,7461,0
2009-03-15 03:13:53,2021-03-15 03:13:53,US,4034,0
2008-10-15 15:37:53,2020-10-15 15:37:53,US,4185,1
2010-01-30 20:44:17,2021-01-30 20:44:17,,3712,1
2003-10-12 22:23:19,2021-10-12 22:23:19,US,6014,1
,,,0,1
2010-06-22 06:38:59,2023-06-22 06:38:59,CN,3570,1
2010-06-22 06:38:59,2023-06-22 06:38:59,CN,3570,1
2007-09-28 11:09:56,2021-09-28 11:09:56,CN,4568,1
2010-06-22 06:38:59,2023-06-22 06:38:59,CN,3570,1
2008-08-02 19:06:27,2020-08-02 19:06:27,PA,4258,0
2006-11-10 17:56:31,2020-11-10 17:56:31,,4889,0
2020-01-21 08:07:50,2021-01-21 08:07:50,PH,70,1
2005-05-11 04:41:51,2020-05-11 04:41:51,US,5438,0
2009-12-21 01:20:46,2020-12-21 01:20:46,CN,3753,1
2010-07-30 23:46:41,2021-02-02 11:59:59,US,3531,0
2001-03-11 21:19:21,2021-03-11 20:19:21,DE,6959,1
2010-06-22 06:38:59,2023-06-22 06:38:59,CN,3570,1
2009-12-12 21:00:00,2020-12-12 21:00:00,,3761,1
2020-01-21 08:07:22,2021-01-21 08:07:22,PH,70,1
2015-06-08 06:40:44,2020-06-08 06:40:44,US,1758,1
,,,0,0
2006-11-01 23:03:24,2028-11-17 23:39:45,US,4898,0
2006-05-30 07:53:31,2020-05-30 07:53:31,CN,5054,1
2008-08-02 19:06:27,2020-08-02 19:06:27,PA,4258,0
2010-10-30 05:10:57,2021-10-30 05:10:57,US,3440,0
2014-09-26 19:13:12,2020-09-26 19:13:12,CN,2012,1
1996-02-11 05:00:00,2022-02-12 05:00:00,KR,8815,0
2011-04-29 11:29:16,2020-04-29 11:29:16,US,3259,0
1991-07-25 04:00:00,2028-07-24 04:00:00,US,10477,0
1999-10-27 13:00:00,2020-10-26 14:00:00,,7461,0
2010-06-22 06:38:59,2023-06-22 06:38:59,CN,3570,1
2010-12-03 12:08:35,2023-12-03 12:08:35,BS,3406,0
2020-02-16 21:07:51,2025-02-16 21:07:51,AE,43,1
2002-10-05 17:45:24,2020-10-05 17:45:24,US,6386,0
2004-11-19 05:50:20,2021-11-19 05:50:20,PA,5611,0
2010-06-22 06:38:59,2023-06-22 06:38:59,CN,3570,1
2010-06-22 06:38:59,2023-06-22 06:38:59,CN,3570,1
2011-04-29 11:29:16,2020-04-29 11:29:16,US,3259,0
2014-04-02 02:15:54,2020-04-02 02:15:54,CN,2190,1
2005-06-10 22:56:20,2021-06-10 22:56:20,US,5407,0
2003-10-12 22:23:19,2021-10-12 22:23:19,US,6014,1
,,,0,1
,,,0,1
2013-03-19 20:03:25,2021-03-19 20:03:25,EG,2568,0
2009-12-21 01:20:46,2020-12-21 01:20:46,CN,3753,1
,,,0,1
2000-08-15 13:59:57,2022-08-15 13:59:57,US,7168,0
,,,0,1
2012-03-06 20:59:19,2021-03-06 20:59:19,CN,2946,1
,,,0,0
2004-09-08 22:37:56,2020-09-08 22:37:56,US,5682,0
2008-11-17 15:58:29,2020-11-17 15:58:29,US,4152,1
2010-08-31 20:16:37,2020-08-31 20:16:37,US,3499,1
1998-01-09 05:00:00,2021-01-08 05:00:00,US,8117,0
2000-03-08 21:45:43,2021-03-08 21:45:43,CA,7327,1
,,,0,0
2010-06-22 06:38:59,2023-06-22 06:38:59,CN,3570,1
2012-07-10 08:24:05,2021-07-10 08:24:05,REDACTED FOR PRIVACY,2821,1
2010-06-22 06:38:59,2023-06-22 06:38:59,CN,3570,1
2013-02-27 09:47:42,2021-02-27 09:47:41,,2589,0
1993-05-13 04:00:00,2020-05-14 04:00:00,US,9819,1
2008-10-08 07:01:33,2020-10-08 07:01:33,PA,4192,1
2006-11-10 17:56:31,2020-11-10 17:56:31,,4889,0
2016-06-27 04:48:43,2020-06-27 04:48:43,IN,1373,1
1999-08-08 04:48:02,2020-08-08 04:47:54,US,7541,0
2006-01-12 21:00:00,2021-01-12 21:00:00,,5191,0
2015-06-08 06:40:44,2020-06-08 06:40:44,US,1758,1
,,,0,0
2012-04-01 02:40:01,2021-04-01 02:40:01,CN,2921,1
2000-01-21 16:28:17,2021-01-21 16:28:17,US,7375,0
,,,0,0
1997-02-03 05:00:00,2022-02-04 05:00:00,IN,8457,0
2010-06-22 06:38:59,2023-06-22 06:38:59,CN,3570,1
2005-04-28 00:32:00,2021-04-28 00:32:00,US,5451,0
2010-06-22 06:38:59,2023-06-22 06:38:59,CN,3570,1
2014-04-02 02:15:54,2020-04-02 02:15:54,CN,2190,1
,2028-06-17 00:00:00,,0,0
2004-08-28 04:23:26,2022-08-28 04:23:26,US,5694,0
,,,0,0
2010-06-22 06:38:59,2023-06-22 06:38:59,CN,3570,1
1993-05-13 04:00:00,2020-05-14 04:00:00,US,9819,1
2014-08-07 22:10:14,2020-08-07 22:10:14,US,2062,1
,,,0,1
2010-05-06 08:18:15,2029-05-06 08:18:15,CN,3617,1
1998-09-10 04:00:00,2021-09-09 04:00:00,US,7873,0
,2028-06-17 00:00:00,,0,0
2018-06-25 05:49:58,2020-06-25 05:49:58,CN,645,1
,,,0,1
2001-06-01 10:49:57,2021-09-12 23:22:09,KY,6878,1
2019-12-10 00:00:00,2020-12-10 00:00:00,,112,0
2009-03-15 03:13:53,2021-03-15 03:13:53,US,4034,0
2020-02-16 21:07:51,2025-02-16 21:07:51,AE,43,1
2009-10-22 02:06:38,2022-10-22 02:06:38,REDACTED FOR PRIVACY,3813,1
1996-02-11 05:00:00,2022-02-12 05:00:00,KR,8815,0
1999-09-29 06:03:23,2020-09-29 06:03:14,US,7489,0
2009-12-21 01:20:46,2020-12-21 01:20:46,CN,3753,1
2009-12-21 01:20:46,2020-12-21 01:20:46,CN,3753,1
2014-02-25 00:44:07,2024-02-25 00:44:07,US,2226,0
,,,0,0
,,,0,0
2012-02-26 02:22:09,2028-02-26 02:22:09,,2956,0
2010-12-03 12:08:35,2023-12-03 12:08:35,BS,3406,0
1993-09-30 04:00:00,2025-09-29 04:00:00,US,9679,0
2000-03-08 21:45:43,2021-03-08 21:45:43,CA,7327,1
2009-04-03 20:00:00,2021-04-03 21:00:00,,4014,0
,,,0,1
2010-06-22 06:38:59,2023-06-22 06:38:59,CN,3570,1
2013-03-19 20:03:25,2021-03-19 20:03:25,EG,2568,0
2011-04-29 11:29:16,2020-04-29 11:29:16,US,3259,0
2010-06-22 06:38:59,2023-06-22 06:38:59,CN,3570,1
2018-06-25 05:49:58,2020-06-25 05:49:58,CN,645,1
2010-06-22 06:38:59,2023-06-22 06:38:59,CN,3570,1
2004-06-14 17:25:27,2020-06-14 17:25:27,,5768,0
2020-02-16 21:07:51,2025-02-16 21:07:51,AE,43,1
2000-01-21 16:28:17,2021-01-21 16:28:17,US,7375,0
2006-01-12 21:00:00,2021-01-12 21:00:00,,5191,0
,,,0,1
,,,0,0
1996-07-16 04:00:00,2021-07-15 04:00:00,IN,8659,0
1999-03-01 00:00:00,2021-03-01 00:00:00,,7701,1
2005-07-20 02:15:22,2021-07-20 02:15:22,REDACTED FOR PRIVACY,5368,0
2010-06-22 06:38:59,2023-06-22 06:38:59,CN,3570,1
2011-04-29 11:29:16,2020-04-29 11:29:16,US,3259,0
2013-01-29 09:58:25,2021-01-29 09:58:25,US,2618,0
2010-06-22 06:38:59,2023-06-22 06:38:59,CN,3570,1
2017-08-06 18:26:17,2020-08-06 18:26:17,US,967,0
1998-07-08 04:00:00,2020-07-07 04:00:00,JP,7937,0
1993-09-30 04:00:00,2025-09-29 04:00:00,US,9679,0
2010-06-22 06:38:59,2023-06-22 06:38:59,CN,3570,1
2010-06-22 06:38:59,2023-06-22 06:38:59,CN,3570,1
2012-03-06 20:59:19,2021-03-06 20:59:19,CN,2946,1
2003-08-29 10:57:54,2023-08-29 10:57:54,CN,6059,1
2010-06-22 06:38:59,2023-06-22 06:38:59,CN,3570,1
1996-09-17 04:00:00,2020-09-16 04:00:00,US,8596,0
,,,0,0
,,,0,0
2020-03-05 20:19:59,2021-03-05 20:19:59,CN,25,1
2008-10-15 15:37:53,2020-10-15 15:37:53,US,4185,1
2013-12-09 00:00:00,2020-08-31 15:00:00,,2304,0
2013-05-15 09:38:07,2020-05-15 09:38:07,US,2512,1
2010-12-03 12:08:35,2023-12-03 12:08:35,BS,3406,0
2011-06-21 09:01:50,2020-06-21 09:01:50,DE,3206,1
,,,0,0
1994-06-02 04:00:00,2021-06-01 04:00:00,US,9434,0
1996-08-30 04:00:00,2024-08-29 04:00:00,,8614,0
2010-06-22 06:38:59,2023-06-22 06:38:59,CN,3570,1
1999-08-08 04:48:02,2020-08-08 04:47:54,US,7541,0
2018-06-25 05:49:58,2020-06-25 05:49:58,CN,645,1
,,,0,0
2010-06-22 06:38:59,2023-06-22 06:38:59,CN,3570,1
2011-04-29 11:29:16,2020-04-29 11:29:16,US,3259,0
,,,0,1
1997-08-24 04:00:00,2020-08-23 04:00:00,,8255,0
2020-02-16 21:07:51,2025-02-16 21:07:51,AE,43,1
2020-02-16 21:07:51,2025-02-16 21:07:51,AE,43,1
2002-07-11 13:41:35,2024-07-11 13:41:35,US,6473,1
2008-03-13 11:09:23,2021-03-13 11:09:23,US,4401,1
2012-03-06 20:59:19,2021-03-06 20:59:19,CN,2946,1
,,,0,0
2005-07-19 14:50:34,2026-07-19 14:50:34,US,5369,0
2006-02-22 11:21:13,2021-02-22 11:21:13,NL,5151,0
2013-02-27 09:47:42,2021-02-27 09:47:41,,2589,0
1993-09-30 04:00:00,2025-09-29 04:00:00,US,9679,0
2010-06-22 06:38:59,2023-06-22 06:38:59,CN,3570,1
,,,0,0
2001-05-17 03:04:05,2020-05-17 03:04:05,CN,6893,1
2009-10-29 02:40:57,2021-10-29 02:40:57,AU,3806,0
2005-06-10 22:56:20,2021-06-10 22:56:20,,5407,0
2011-02-09 20:53:37,2021-02-09 20:53:37,US,3337,0
2010-06-22 06:38:59,2023-06-22 06:38:59,CN,3570,1
2019-10-28 18:53:20,2020-10-28 18:53:20,KY,154,0
2010-06-22 06:38:59,2023-06-22 06:38:59,CN,3570,1
2010-06-22 06:38:59,2023-06-22 06:38:59,CN,3570,1
2010-11-23 14:59:39,2020-11-23 14:59:39,,3416,0
1995-05-04 04:00:00,2027-07-27 02:09:19,CN,9098,1
2011-08-30 17:16:40,2025-08-30 17:16:40,US,3135,0
2004-06-11 07:54:36,2027-06-11 07:54:36,CN,5772,1
,,,0,1
1999-12-02 15:08:09,2020-12-02 15:08:09,US,7425,0
2004-09-03 20:40:52,2020-09-03 20:40:52,,5687,0
2010-06-22 06:38:59,2023-06-22 06:38:59,CN,3570,1
2010-06-22 06:38:59,2023-06-22 06:38:59,CN,3570,1
2010-06-22 06:38:59,2023-06-22 06:38:59,CN,3570,1
2020-02-16 21:07:51,2025-02-16 21:07:51,AE,43,1
,,,0,0
2008-03-13 11:09:23,2021-03-13 11:09:23,US,4401,1
1996-02-11 05:00:00,2022-02-12 05:00:00,KR,8815,0
2010-11-23 14:59:39,2020-11-23 14:59:39,,3416,0
2014-02-25 00:44:07,2024-02-25 00:44:07,US,2226,0
,,,0,1
2001-11-12 18:57:03,2021-11-12 18:57:03,US,6713,1
2019-10-11 18:49:53,2020-10-11 18:49:53,,171,0
2019-08-27 12:01:44,2020-08-27 12:01:44,REDACTED FOR PRIVACY,217,1
,,,0,1
,,,0,0
1993-09-30 04:00:00,2025-09-29 04:00:00,,9679,0
1998-05-27 04:00:00,2020-05-26 04:00:00,,7979,0
,,,0,1
2009-12-21 01:20:46,2020-12-21 01:20:46,CN,3753,1
2014-12-31 06:05:20,2021-12-31 06:05:20,US,1917,1
2004-11-19 05:50:20,2021-11-19 05:50:20,PA,5611,0
2017-12-22 11:09:04,2020-12-22 11:09:04,,830,1
2001-07-13 08:33:58,2025-11-09 05:23:07,TR,6836,0
2005-09-17 10:35:59,2025-09-17 10:35:59,,5309,1
2010-06-22 06:38:59,2023-06-22 06:38:59,CN,3570,1
1995-11-01 05:00:00,2021-02-02 11:59:59,US,8917,0
1995-12-06 05:00:00,2020-12-05 05:00:00,CH,8882,0
2005-10-01 12:38:17,2020-10-01 12:38:17,DK,5295,0
,,,0,0
1999-11-10 19:08:02,2025-11-10 19:08:02,US,7446,0
2010-06-22 06:38:59,2023-06-22 06:38:59,CN,3570,1
,,,0,1
2004-10-18 00:00:00,2022-10-27 00:00:00,,5643,0
2010-03-11 20:09:19,2021-03-11 19:09:19,,3672,1
2017-08-06 18:26:17,2020-08-06 18:26:17,US,967,0
2010-06-22 06:38:59,2023-06-22 06:38:59,CN,3570,1
,,,0,0
2007-10-28 04:34:01,2020-10-28 04:34:01,,4538,1
2020-03-05 20:19:59,2021-03-05 20:19:59,CN,25,1
,,,0,1
2014-07-04 07:35:02,2021-07-04 07:35:02,CN,2097,1
2004-07-23 22:24:10,2020-07-23 22:24:10,ca,5729,0
2010-06-22 06:38:59,2023-06-22 06:38:59,CN,3570,1
2010-06-22 06:38:59,2023-06-22 06:38:59,CN,3570,1
1995-11-01 05:00:00,2021-02-02 11:59:59,US,8917,0
,2028-06-17 00:00:00,,0,0
2000-02-20 16:55:16,2028-12-29 02:29:44,PA,7345,0
1993-05-13 04:00:00,2020-05-14 04:00:00,US,9819,1
2010-04-04 20:54:03,2020-04-04 20:54:03,IL,3648,0
2018-06-25 05:49:58,2020-06-25 05:49:58,CN,645,1
2010-06-22 06:38:59,2023-06-22 06:38:59,CN,3570,1
2010-06-22 06:38:59,2023-06-22 06:38:59,CN,3570,1
2010-06-22 06:38:59,2023-06-22 06:38:59,CN,3570,1
1998-01-09 05:00:00,2021-01-08 05:00:00,US,8117,0
2004-06-14 17:25:27,2020-06-14 17:25:27,,5768,0
,,,0,0
2011-04-29 11:29:16,2020-04-29 11:29:16,US,3259,0
2010-07-30 23:46:41,2021-02-02 11:59:59,US,3531,0
1998-01-09 05:00:00,2021-01-08 05:00:00,US,8117,0
2010-06-22 06:38:59,2023-06-22 06:38:59,CN,3570,1
,,,0,0
2019-03-10 17:04:42,2021-03-10 17:04:42,CN,387,1
2010-06-22 06:38:59,2023-06-22 06:38:59,CN,3570,1
2010-06-22 06:38:59,2023-06-22 06:38:59,CN,3570,1
2000-01-21 16:28:17,2021-01-21 16:28:17,US,7375,0
,,,0,0
1999-10-27 13:00:00,2020-10-26 14:00:00,,7461,0
2006-02-22 11:21:13,2021-02-22 11:21:13,NL,5151,0
,,,0,1
2008-10-15 15:37:53,2020-10-15 15:37:53,US,4185,1
2008-08-02 19:06:27,2020-08-02 19:06:27,PA,4258,0
,,,0,0
2010-06-22 06:38:59,2023-06-22 06:38:59,CN,3570,1
2014-11-03 12:17:56,2021-11-03 12:17:56,US,1975,1
2011-06-21 09:01:50,2020-06-21 09:01:50,DE,3206,1
2005-07-19 14:50:34,2026-07-19 14:50:34,US,5369,0
2009-02-07 19:41:59,2028-02-07 19:41:59,REDACTED FOR PRIVACY,4069,0
2010-06-22 06:38:59,2023-06-22 06:38:59,CN,3570,1
2004-06-14 17:25:27,2020-06-14 17:25:27,,5768,0
,,,0,1
2011-08-30 17:16:40,2025-08-30 17:16:40,US,3135,0
2010-06-22 06:38:59,2023-06-22 06:38:59,CN,3570,1
,,,0,1
2005-07-19 14:50:34,2026-07-19 14:50:34,US,5369,0
2013-06-16 02:38:02,2021-06-16 02:38:02,US,2480,1
,,,0,1
2010-04-04 20:54:03,2020-04-04 20:54:03,IL,3648,0
2010-06-22 06:38:59,2023-06-22 06:38:59,CN,3570,1
2016-06-27 04:48:43,2020-06-27 04:48:43,IN,1373,1
2014-07-05 18:43:20,2021-07-05 18:43:20,US,2095,1
2002-10-16 07:11:58,2020-10-16 07:11:58,PA,6376,0
2004-11-05 10:52:18,2027-11-05 10:52:18,,5625,1
,,,0,0
2010-06-22 06:38:59,2023-06-22 06:38:59,CN,3570,1
,,,0,0
2007-11-27 01:56:11,2021-11-27 01:56:11,CN,4508,1
2015-02-09 18:46:12,2021-02-09 18:46:12,FR,1876,0
2010-06-22 06:38:59,2023-06-22 06:38:59,CN,3570,1
2010-06-22 06:38:59,2023-06-22 06:38:59,CN,3570,1
2011-11-28 12:25:06,2020-11-28 12:25:06,ZA,3046,1
2014-07-05 18:43:20,2021-07-05 18:43:20,US,2095,1
2008-03-13 11:09:23,2021-03-13 11:09:23,US,4401,1
2014-11-03 12:17:56,2021-11-03 12:17:56,US,1975,1
2003-08-29 10:57:54,2023-08-29 10:57:54,CN,6059,1
1993-09-30 04:00:00,2025-09-29 04:00:00,US,9679,0
2016-08-08 18:53:41,2020-08-08 18:53:41,CN,1330,1
2017-05-20 18:31:08,2020-05-20 18:31:08,REDACTED FOR PRIVACY,1045,1
,,,0,1
2012-07-19 22:45:03,2020-07-19 22:45:03,RU,2811,1
2009-12-21 01:20:46,2020-12-21 01:20:46,CN,3753,1
,,,0,1
2017-08-06 18:26:17,2020-08-06 18:26:17,US,967,0
2014-11-03 12:17:56,2021-11-03 12:17:56,US,1975,1
,,,0,1
2010-06-22 06:38:59,2023-06-22 06:38:59,CN,3570,1
2010-12-03 12:08:35,2023-12-03 12:08:35,BS,3406,0
2006-02-22 11:21:13,2021-02-22 11:21:13,NL,5151,0
2008-05-03 14:33:18,2023-05-03 14:33:18,CN,4350,1
2014-11-03 12:17:56,2021-11-03 12:17:56,US,1975,1
2013-12-09 00:00:00,2020-08-31 15:00:00,,2304,0
2020-02-16 21:07:51,2025-02-16 21:07:51,AE,43,1
2004-07-23 22:24:10,2020-07-23 22:24:10,ca,5729,0
2014-03-31 08:10:16,2023-03-31 08:10:16,US,2192,1
,,,0,1
2000-03-08 21:45:43,2021-03-08 21:45:43,CA,7327,1
2013-12-09 00:00:00,2020-08-31 15:00:00,,2304,0
,,,0,1
,,,0,0
,2028-06-17 00:00:00,,0,0
2010-06-22 06:38:59,2023-06-22 06:38:59,CN,3570,1
2008-08-02 19:06:27,2020-08-02 19:06:27,PA,4258,0
2014-07-05 18:43:20,2021-07-05 18:43:20,US,2095,1
1996-09-29 04:00:00,2020-09-28 04:00:00,US,8584,0
2010-06-22 06:38:59,2023-06-22 06:38:59,CN,3570,1
1998-01-09 05:00:00,2021-01-08 05:00:00,US,8117,0
1996-09-29 04:00:00,2020-09-28 04:00:00,US,8584,0
2010-06-22 06:38:59,2023-06-22 06:38:59,CN,3570,1
2010-06-22 06:38:59,2023-06-22 06:38:59,CN,3570,1
2010-06-22 06:38:59,2023-06-22 06:38:59,CN,3570,1
2011-04-29 11:29:16,2020-04-29 11:29:16,US,3259,0
2008-08-02 19:06:27,2020-08-02 19:06:27,PA,4258,0
1999-08-08 04:48:02,2020-08-08 04:47:54,US,7541,0
1997-10-01 10:11:55,2020-10-31 21:00:00,,8217,0
2004-06-20 18:57:38,2020-06-20 18:57:38,US,5762,0
,,,0,0
2004-06-14 17:25:27,2020-06-14 17:25:27,,5768,0
2010-06-22 06:38:59,2023-06-22 06:38:59,CN,3570,1
1993-09-30 04:00:00,2025-09-29 04:00:00,US,9679,0
,,,0,1
,,,0,0
,,,0,0
2006-01-12 21:00:00,2021-01-12 21:00:00,,5191,0
2005-02-07 04:35:25,2022-02-07 04:35:25,US,5531,0
2015-02-12 00:00:00,2021-02-12 00:00:00,,1874,0
2014-09-26 19:13:12,2020-09-26 19:13:12,CN,2012,1
,,,0,1
2019-10-11 18:49:53,2020-10-11 18:49:53,,171,0
2008-08-02 19:06:27,2020-08-02 19:06:27,PA,4258,0
2014-07-04 07:35:02,2021-07-04 07:35:02,CN,2097,1
1998-05-13 04:00:00,2020-05-12 04:00:00,FR,7993,0
2010-06-22 06:38:59,2023-06-22 06:38:59,CN,3570,1
2010-06-22 06:38:59,2023-06-22 06:38:59,CN,3570,1
2010-06-22 06:38:59,2023-06-22 06:38:59,CN,3570,1
1996-05-01 04:00:00,2021-05-02 04:00:00,US,8735,0
2020-02-16 21:07:51,2025-02-16 21:07:51,AE,43,1
,,,0,0
2011-04-29 11:29:16,2020-04-29 11:29:16,US,3259,0
2012-07-19 22:45:03,2020-07-19 22:45:03,RU,2811,1
,,,0,0
2014-02-25 00:44:07,2024-02-25 00:44:07,US,2226,0
2010-06-22 06:38:59,2023-06-22 06:38:59,CN,3570,1
2009-02-07 19:41:59,2028-02-07 19:41:59,REDACTED FOR PRIVACY,4069,0
2006-03-22 00:00:00,2020-08-22 00:00:00,,5123,0
2010-06-22 06:38:59,2023-06-22 06:38:59,CN,3570,1
1993-09-30 04:00:00,2025-09-29 04:00:00,US,9679,0
2009-12-21 01:20:46,2020-12-21 01:20:46,CN,3753,1
1999-10-27 13:00:00,2020-10-26 14:00:00,,7461,0
2010-12-03 12:08:35,2023-12-03 12:08:35,BS,3406,0
1994-06-02 04:00:00,2021-06-01 04:00:00,US,9434,0
,,,0,0
,,,0,0
,,,0,1
2003-03-28 01:07:35,2022-03-28 01:07:35,US,6213,0
1999-10-27 13:00:00,2020-10-26 14:00:00,,7461,0
2017-08-06 18:26:17,2020-08-06 18:26:17,US,967,0
2017-08-06 18:26:17,2020-08-06 18:26:17,US,967,0
2001-10-21 19:11:37,2020-10-21 19:11:37,US,6735,0
,,,0,0
,,,0,1
2013-01-29 09:58:25,2021-01-29 09:58:25,US,2618,0
2020-03-05 20:19:59,2021-03-05 20:19:59,CN,25,1
1998-05-27 04:00:00,2020-05-26 04:00:00,US,7979,0
2005-06-10 22:56:20,2021-06-10 22:56:20,US,5407,0
1996-05-01 04:00:00,2021-05-02 04:00:00,,8735,0
2010-06-22 06:38:59,2023-06-22 06:38:59,CN,3570,1
2004-06-20 18:57:38,2020-06-20 18:57:38,US,5762,0
,,,0,0
2000-01-21 16:28:17,2021-01-21 16:28:17,US,7375,0
,,,0,0
2010-06-22 06:38:59,2023-06-22 06:38:59,CN,3570,1
2014-11-03 12:17:56,2021-11-03 12:17:56,US,1975,1
2012-07-10 08:24:05,2021-07-10 08:24:05,REDACTED FOR PRIVACY,2821,1
,,,0,0
,,,0,0
2010-06-22 06:38:59,2023-06-22 06:38:59,CN,3570,1
1995-07-16 04:00:00,2021-07-15 04:00:00,US,9025,0
1996-07-16 04:00:00,2021-07-15 04:00:00,IN,8659,0
,,,0,0
2010-12-03 12:08:35,2023-12-03 12:08:35,BS,3406,0
2004-11-19 05:50:20,2021-11-19 05:50:20,PA,5611,0
1995-07-16 04:00:00,2021-07-15 04:00:00,US,9025,0
,2028-06-17 00:00:00,,0,0
2010-06-22 06:38:59,2023-06-22 06:38:59,CN,3570,1
2004-08-28 04:23:26,2022-08-28 04:23:26,US,5694,0
,,,0,1
2011-04-29 11:29:16,2020-04-29 11:29:16,US,3259,0
,,,0,1
2009-04-03 20:00:00,2021-04-03 21:00:00,,4014,0
2004-11-19 05:50:20,2021-11-19 05:50:20,PA,5611,0
2013-01-29 09:58:25,2021-01-29 09:58:25,US,2618,0
2014-07-04 07:35:02,2021-07-04 07:35:02,CN,2097,1
2004-06-20 18:57:38,2020-06-20 18:57:38,US,5762,0
2011-11-28 12:25:06,2020-11-28 12:25:06,ZA,3046,1
2009-10-22 02:06:38,2022-10-22 02:06:38,REDACTED FOR PRIVACY,3813,1
1996-07-16 04:00:00,2021-07-15 04:00:00,IN,8659,0
2009-12-21 01:20:46,2020-12-21 01:20:46,CN,3753,1
1993-09-30 04:00:00,2025-09-29 04:00:00,,9679,0
1999-04-12 04:00:00,2028-04-12 04:00:00,JP,7659,0
2005-02-07 04:35:25,2022-02-07 04:35:25,US,5531,0
2010-06-22 06:38:59,2023-06-22 06:38:59,CN,3570,1
2004-09-03 20:40:52,2020-09-03 20:40:52,US,5687,0
2009-12-21 01:20:46,2020-12-21 01:20:46,CN,3753,1
2013-06-16 02:38:02,2021-06-16 02:38:02,US,2480,1
2004-08-28 04:23:26,2022-08-28 04:23:26,US,5694,0
2017-05-20 18:31:08,2020-05-20 18:31:08,REDACTED FOR PRIVACY,1045,1
2015-06-08 06:40:44,2020-06-08 06:40:44,US,1758,1
2010-06-22 06:38:59,2023-06-22 06:38:59,CN,3570,1
,,,0,0
2010-06-22 06:38:59,2023-06-22 06:38:59,CN,3570,1
2004-07-15 13:39:24,2020-07-15 13:39:24,US,5738,0
2004-06-14 17:25:27,2020-06-14 17:25:27,,5768,0
2012-07-10 08:24:05,2021-07-10 08:24:05,REDACTED FOR PRIVACY,2821,1
2003-10-12 22:23:19,2021-10-12 22:23:19,US,6014,1
2004-11-19 05:50:20,2021-11-19 05:50:20,PA,5611,0
2010-06-22 06:38:59,2023-06-22 06:38:59,CN,3570,1
1997-06-12 04:00:00,2020-06-11 04:00:00,US,8328,0
2010-06-22 06:38:59,2023-06-22 06:38:59,CN,3570,1
2014-12-31 06:05:20,2021-12-31 06:05:20,US,1917,1
2019-08-27 12:01:44,2020-08-27 12:01:44,REDACTED FOR PRIVACY,217,1
,,,0,1
,,,0,1
2009-02-07 19:41:59,2028-02-07 19:41:59,REDACTED FOR PRIVACY,4069,0
2010-06-22 06:38:59,2023-06-22 06:38:59,CN,3570,1
2008-08-02 19:06:27,2020-08-02 19:06:27,PA,4258,0
,,,0,0
,,,0,0
1991-09-23 04:00:00,2025-09-22 04:00:00,RU,10417,0
2010-04-04 20:54:03,2020-04-04 20:54:03,IL,3648,0
2010-06-22 06:38:59,2023-06-22 06:38:59,CN,3570,1
2020-02-16 21:07:51,2025-02-16 21:07:51,AE,43,1
2010-09-06 02:49:00,2023-09-06 02:49:00,US,3494,0
,2028-06-17 00:00:00,,0,0
2011-04-29 11:29:16,2020-04-29 11:29:16,US,3259,0
,,,0,0
2009-12-21 01:20:46,2020-12-21 01:20:46,CN,3753,1
2016-08-08 18:53:41,2020-08-08 18:53:41,CN,1330,1
2019-10-11 18:49:53,2020-10-11 18:49:53,,171,0
2009-12-12 21:00:00,2020-12-12 21:00:00,,3761,1
,,,0,0
,,,0,0
2010-06-22 06:38:59,2023-06-22 06:38:59,CN,3570,1
2017-05-20 18:31:08,2020-05-20 18:31:08,REDACTED FOR PRIVACY,1045,1
,,,0,0
2006-02-22 11:21:13,2021-02-22 11:21:13,NL,5151,0
2014-09-30 18:33:47,2020-09-30 18:33:47,CN,2008,1
2005-07-19 14:50:34,2026-07-19 14:50:34,US,5369,0
,,,0,0
,,,0,0
2010-06-22 06:38:59,2023-06-22 06:38:59,CN,3570,1
,,,0,1
2011-04-29 11:29:16,2020-04-29 11:29:16,US,3259,0
,,,0,0
2006-03-22 00:00:00,2020-08-22 00:00:00,,5123,0
2014-07-04 07:35:02,2021-07-04 07:35:02,CN,2097,1
1993-09-30 04:00:00,2025-09-29 04:00:00,US,9679,0
2010-06-22 06:38:59,2023-06-22 06:38:59,CN,3570,1
2008-10-15 15:37:53,2020-10-15 15:37:53,US,4185,1
2002-10-05 17:45:24,2020-10-05 17:45:24,US,6386,0
,,,0,1
2003-08-29 10:57:54,2023-08-29 10:57:54,,6059,1
,,,0,1
,,,0,0
,,,0,1
1993-09-30 04:00:00,2025-09-29 04:00:00,US,9679,0
2001-10-26 06:29:51,2020-10-26 06:29:51,KR,6731,0
,,,0,0
2005-06-10 22:56:20,2021-06-10 22:56:20,US,5407,0
2002-10-16 07:11:58,2020-10-16 07:11:58,PA,6376,0
2010-06-22 06:38:59,2023-06-22 06:38:59,CN,3570,1
2010-06-22 06:38:59,2023-06-22 06:38:59,CN,3570,1
2004-09-03 20:40:52,2020-09-03 20:40:52,US,5687,0
2010-06-22 06:38:59,2023-06-22 06:38:59,CN,3570,1
,,,0,1
2007-11-27 03:49:29,2021-11-27 03:49:29,AU,4508,0
2011-04-29 11:29:16,2020-04-29 11:29:16,US,3259,0
2020-03-05 20:19:59,2021-03-05 20:19:59,CN,25,1
2014-11-03 12:17:56,2021-11-03 12:17:56,US,1975,1
2017-08-06 18:26:17,2020-08-06 18:26:17,US,967,0
2013-03-19 20:03:25,2021-03-19 20:03:25,EG,2568,0
1991-07-25 04:00:00,2028-07-24 04:00:00,US,10477,0
2010-06-22 06:38:59,2023-06-22 06:38:59,CN,3570,1
,,,0,1
2017-08-06 18:26:17,2020-08-06 18:26:17,US,967,0
,,,0,0
2010-06-22 06:38:59,2023-06-22 06:38:59,CN,3570,1
2002-07-31 10:17:57,2020-07-31 10:17:57,CN,6453,1
2017-08-06 18:26:17,2020-08-06 18:26:17,US,967,0
,,,0,0
2010-06-22 06:38:59,2023-06-22 06:38:59,CN,3570,1
2004-08-28 04:23:26,2022-08-28 04:23:26,US,5694,0
2019-04-10 02:25:01,2020-04-10 02:25:01,REDACTED FOR PRIVACY,356,1
2013-01-29 09:58:25,2021-01-29 09:58:25,US,2618,0
2008-03-10 08:19:56,2021-03-10 09:19:56,REDACTED FOR PRIVACY,4404,1
2010-06-22 06:38:59,2023-06-22 06:38:59,CN,3570,1
2010-06-22 06:38:59,2023-06-22 06:38:59,CN,3570,1
2010-01-30 20:44:17,2021-01-30 20:44:17,,3712,1
2000-03-08 21:45:43,2021-03-08 21:45:43,CA,7327,1
1998-05-13 04:00:00,2020-05-12 04:00:00,FR,7993,0
2019-04-10 02:25:01,2020-04-10 02:25:01,REDACTED FOR PRIVACY,356,1
,,,0,0
2013-06-16 02:38:02,2021-06-16 02:38:02,US,2480,1
2010-06-22 06:38:59,2023-06-22 06:38:59,CN,3570,1
1995-07-16 04:00:00,2021-07-15 04:00:00,US,9025,0
2014-03-31 08:10:16,2023-03-31 08:10:16,US,2192,1
,,,0,0
2009-06-12 13:55:30,2020-06-12 13:55:30,US,3945,0
,,,0,1
2002-05-20 18:06:29,2023-05-20 18:06:29,IN,6524,0
,,,0,1
,,,0,1
2006-05-28 02:08:53,2021-05-28 02:08:53,US,5056,0
2010-01-30 20:44:17,2021-01-30 20:44:17,,3712,1
2010-06-22 06:38:59,2023-06-22 06:38:59,CN,3570,1
,,,0,1
1997-03-29 05:00:00,2028-03-30 04:00:00,US,8403,1
1993-09-30 04:00:00,2025-09-29 04:00:00,US,9679,0
2010-06-22 06:38:59,2023-06-22 06:38:59,CN,3570,1
2010-06-22 06:38:59,2023-06-22 06:38:59,CN,3570,1
2006-07-26 20:57:04,2020-07-26 20:57:04,US,4996,0
,,,0,0
,,,0,1
2010-06-22 06:38:59,2023-06-22 06:38:59,CN,3570,1
,,,0,1
2015-04-04 11:44:50,2022-04-04 11:44:50,US,1823,1
2012-03-06 20:59:19,2021-03-06 20:59:19,CN,2946,1
2006-11-10 17:56:31,2020-11-10 17:56:31,,4889,0
1997-10-01 10:11:55,2020-10-31 21:00:00,,8217,0
2013-03-19 20:03:25,2021-03-19 20:03:25,EG,2568,0
2010-06-22 06:38:59,2023-06-22 06:38:59,CN,3570,1
2010-06-22 06:38:59,2023-06-22 06:38:59,CN,3570,1
2010-06-22 06:38:59,2023-06-22 06:38:59,CN,3570,1
1995-07-16 04:00:00,2021-07-15 04:00:00,,9025,0
2008-08-02 19:06:27,2020-08-02 19:06:27,PA,4258,0
1994-03-01 05:00:00,2028-03-02 05:00:00,REDACTED FOR PRIVACY,9527,0
2015-06-08 06:40:44,2020-06-08 06:40:44,US,1758,1
2004-08-28 04:23:26,2022-08-28 04:23:26,US,5694,0
2013-03-19 20:03:25,2021-03-19 20:03:25,EG,2568,0
1996-05-01 04:00:00,2021-05-02 04:00:00,US,8735,0
,,,0,0
1999-03-28 05:00:00,2028-03-28 04:00:00,TR,7674,0
2008-08-02 19:06:27,2020-08-02 19:06:27,PA,4258,0
,,,0,1
2010-06-22 06:38:59,2023-06-22 06:38:59,CN,3570,1
2007-03-28 10:50:10,2021-03-28 10:50:10,,4752,1
2013-01-29 09:58:25,2021-01-29 09:58:25,US,2618,0
,,,0,1
2010-03-11 20:09:19,2021-03-11 19:09:19,,3672,1
2009-02-07 19:41:59,2028-02-07 19:41:59,REDACTED FOR PRIVACY,4069,0
2012-08-20 17:36:12,2021-08-20 17:36:12,,2779,1
2010-12-03 12:08:35,2023-12-03 12:08:35,BS,3406,0
2008-08-02 19:06:27,2020-08-02 19:06:27,PA,4258,0
,,,0,1
2019-02-06 20:00:11,2021-02-06 20:00:11,VN,418,0
2010-06-22 06:38:59,2023-06-22 06:38:59,CN,3570,1
1999-08-08 04:48:02,2020-08-08 04:47:54,US,7541,0
2010-06-22 06:38:59,2023-06-22 06:38:59,CN,3570,1
2015-06-08 06:40:44,2020-06-08 06:40:44,US,1758,1
,,,0,0
2010-06-22 06:38:59,2023-06-22 06:38:59,CN,3570,1
2010-12-03 12:08:35,2023-12-03 12:08:35,BS,3406,0
2009-12-21 01:20:46,2020-12-21 01:20:46,CN,3753,1
2008-09-16 13:28:35,2020-09-19 00:00:00,,4214,0
,,,0,0
2010-04-04 20:54:03,2020-04-04 20:54:03,IL,3648,0
2014-11-03 12:17:56,2021-11-03 12:17:56,US,1975,1
2010-06-22 06:38:59,2023-06-22 06:38:59,CN,3570,1
1995-05-04 04:00:00,2027-07-27 02:09:19,CN,9098,1
2006-11-10 17:56:31,2020-11-10 17:56:31,,4889,0
2011-11-28 12:25:06,2020-11-28 12:25:06,ZA,3046,1
2004-09-08 16:04:52,2020-09-08 16:04:52,US,5683,0
2005-06-10 22:56:20,2021-06-10 22:56:20,US,5407,0
2019-02-06 20:00:11,2021-02-06 20:00:11,VN,418,0
1997-03-07 05:00:00,2021-03-08 05:00:00,US,8425,0
,,,0,0
2009-12-21 01:20:46,2020-12-21 01:20:46,CN,3753,1
2018-06-25 05:49:58,2020-06-25 05:49:58,CN,645,1
2009-12-21 01:20:46,2020-12-21 01:20:46,CN,3753,1
2014-02-25 00:44:07,2024-02-25 00:44:07,US,2226,0
2009-10-29 02:40:57,2021-10-29 02:40:57,AU,3806,0
2006-03-22 00:00:00,2020-08-22 00:00:00,,5123,0
2018-02-20 18:23:22,2021-02-20 18:23:22,IN,769,1
2006-01-12 21:00:00,2021-01-12 21:00:00,,5191,0
1991-07-25 04:00:00,2028-07-24 04:00:00,US,10477,0
2015-06-17 07:55:56,2025-06-17 07:55:56,BS,1749,1
2010-06-22 06:38:59,2023-06-22 06:38:59,CN,3570,1
2003-10-12 22:23:19,2021-10-12 22:23:19,US,6014,1
2019-12-10 00:00:00,2020-12-10 00:00:00,,112,0
2003-08-29 10:57:54,2023-08-29 10:57:54,CN,6059,1
1998-04-29 04:00:00,2021-04-28 04:00:00,US,8007,0
1999-09-29 06:03:23,2020-09-29 06:03:14,US,7489,0
2011-04-14 15:24:51,2022-04-14 15:24:51,US,3274,0
2009-02-28 11:05:35,2023-02-28 11:05:35,CN,4049,1
2009-07-22 20:00:00,2020-07-22 21:00:00,,3904,0
2017-02-04 19:10:53,2021-02-04 19:10:53,,1150,1
2010-06-22 06:38:59,2023-06-22 06:38:59,CN,3570,1
,,,0,1
1999-10-27 13:00:00,2020-10-26 14:00:00,,7461,0
,,,0,0
2010-01-30 20:44:17,2021-01-30 20:44:17,,3712,1
2014-07-05 18:43:20,2021-07-05 18:43:20,US,2095,1
1998-01-09 05:00:00,2021-01-08 05:00:00,US,8117,0
2002-10-16 07:11:58,2020-10-16 07:11:58,PA,6376,0
2013-03-19 20:03:25,2021-03-19 20:03:25,EG,2568,0
2010-06-22 06:38:59,2023-06-22 06:38:59,CN,3570,1
2019-09-13 20:01:21,2020-09-13 20:01:21,IN,199,1
2011-02-09 20:53:37,2021-02-09 20:53:37,US,3337,0
2010-06-22 06:38:59,2023-06-22 06:38:59,CN,3570,1
,,,0,0
2010-01-30 20:44:17,2021-01-30 20:44:17,,3712,1
2019-04-10 02:25:01,2020-04-10 02:25:01,REDACTED FOR PRIVACY,356,1
1998-12-30 05:00:00,2021-12-30 05:00:00,US,7762,0
2009-12-21 01:20:46,2020-12-21 01:20:46,CN,3753,1
,,,0,1
2014-04-02 02:15:54,2020-04-02 02:15:54,CN,2190,1
2000-01-21 16:28:17,2021-01-21 16:28:17,US,7375,0
2000-01-21 16:28:17,2021-01-21 16:28:17,US,7375,0
,,,0,0
2010-06-22 06:38:59,2023-06-22 06:38:59,CN,3570,1
2020-02-16 21:07:51,2025-02-16 21:07:51,AE,43,1
2014-02-25 00:44:07,2024-02-25 00:44:07,US,2226,0
2005-03-14 18:41:22,2021-03-14 17:41:22,US,5495,0
,,,0,1
2004-11-19 05:50:20,2021-11-19 05:50:20,PA,5611,0
2010-06-22 06:38:59,2023-06-22 06:38:59,CN,3570,1
2004-06-14 17:25:27,2020-06-14 17:25:27,,5768,0
2002-08-10 00:00:00,2028-08-10 00:00:00,,6443,1
2005-06-10 22:56:20,2021-06-10 22:56:20,US,5407,0
2014-03-31 08:10:16,2023-03-31 08:10:16,US,2192,1
2008-08-02 19:06:27,2020-08-02 19:06:27,PA,4258,0
2010-06-22 06:38:59,2023-06-22 06:38:59,CN,3570,1
2010-06-22 06:38:59,2023-06-22 06:38:59,CN,3570,1
2010-06-22 06:38:59,2023-06-22 06:38:59,CN,3570,1
2003-04-09 15:02:30,2020-04-09 15:02:30,DE,6201,0
2010-06-22 06:38:59,2023-06-22 06:38:59,CN,3570,1
2010-06-22 06:38:59,2023-06-22 06:38:59,CN,3570,1
,,,0,1
2010-04-04 20:54:03,2020-04-04 20:54:03,IL,3648,0
,,,0,0
1991-07-25 04:00:00,2028-07-24 04:00:00,US,10477,0
,,,0,1
2005-06-10 22:56:20,2021-06-10 22:56:20,US,5407,0
2009-04-01 20:00:00,2021-04-01 21:00:00,,4016,0
,,,0,0
2010-06-22 06:38:59,2023-06-22 06:38:59,CN,3570,1
,,,0,1
2009-02-07 19:41:59,2028-02-07 19:41:59,REDACTED FOR PRIVACY,4069,0
2013-06-16 02:38:02,2021-06-16 02:38:02,US,2480,1
2011-04-29 11:29:16,2020-04-29 11:29:16,US,3259,0
,,,0,0
2010-06-22 06:38:59,2023-06-22 06:38:59,CN,3570,1
2010-06-22 06:38:59,2023-06-22 06:38:59,CN,3570,1
2010-06-22 06:38:59,2023-06-22 06:38:59,CN,3570,1
2012-03-06 20:59:19,2021-03-06 20:59:19,CN,2946,1
2019-12-10 00:00:00,2020-12-10 00:00:00,,112,0
2010-06-22 06:38:59,2023-06-22 06:38:59,CN,3570,1
2006-01-12 21:00:00,2021-01-12 21:00:00,,5191,0
1996-05-01 04:00:00,2021-05-02 04:00:00,US,8735,0
1999-08-08 04:48:02,2020-08-08 04:47:54,US,7541,0
,,,0,1
2020-02-16 21:07:51,2025-02-16 21:07:51,AE,43,1
2014-09-26 19:13:12,2020-09-26 19:13:12,CN,2012,1
1998-01-09 05:00:00,2021-01-08 05:00:00,US,8117,0
2007-03-28 10:50:10,2021-03-28 10:50:10,,4752,1
2010-06-22 06:38:59,2023-06-22 06:38:59,CN,3570,1
1991-07-25 04:00:00,2028-07-24 04:00:00,US,10477,0
2010-06-22 06:38:59,2023-06-22 06:38:59,CN,3570,1
,,,0,0
2002-03-05 03:25:18,2021-03-05 03:25:18,US,6601,0
2013-01-29 09:58:25,2021-01-29 09:58:25,US,2618,0
,,,0,0
2005-04-28 00:32:00,2021-04-28 00:32:00,US,5451,0
,,,0,0
2009-12-21 01:20:46,2020-12-21 01:20:46,CN,3753,1
1997-04-10 04:00:00,2027-04-11 04:00:00,IN,8391,0
2003-08-29 10:57:54,2023-08-29 10:57:54,CN,6059,1
2010-06-22 06:38:59,2023-06-22 06:38:59,CN,3570,1
2013-12-09 00:00:00,2020-08-31 15:00:00,,2304,0
,,,0,1
2009-12-21 01:20:46,2020-12-21 01:20:46,CN,3753,1
1998-09-10 04:00:00,2021-09-09 04:00:00,,7873,0
2003-06-23 16:29:01,2029-06-23 16:29:01,IN,6126,0
1998-09-10 04:00:00,2021-09-09 04:00:00,,7873,0
2010-06-22 06:38:59,2023-06-22 06:38:59,CN,3570,1
2010-03-11 20:09:19,2021-03-11 19:09:19,,3672,1
2015-06-08 06:40:44,2020-06-08 06:40:44,US,1758,1
,,,0,1
2010-06-22 06:38:59,2023-06-22 06:38:59,CN,3570,1
2017-05-20 18:31:08,2020-05-20 18:31:08,REDACTED FOR PRIVACY,1045,1
2010-06-22 06:38:59,2023-06-22 06:38:59,CN,3570,1
2009-02-07 19:41:59,2028-02-07 19:41:59,REDACTED FOR PRIVACY,4069,0
2009-04-03 20:00:00,2021-04-03 21:00:00,,4014,0
,,,0,1
2008-03-04 11:48:53,2021-03-04 11:48:53,US,4410,1
2017-08-06 18:26:17,2020-08-06 18:26:17,US,967,0
2014-04-02 02:15:54,2020-04-02 02:15:54,CN,2190,1
2014-12-31 06:05:20,2021-12-31 06:05:20,US,1917,1
2012-03-05 06:51:53,2021-03-05 06:51:53,CN,2948,1
2003-12-26 19:18:07,2021-02-02 11:59:59,US,5939,0
2011-04-29 11:29:16,2020-04-29 11:29:16,US,3259,0
2011-02-03 06:10:08,2021-02-03 06:10:08,US,3344,0
1999-08-08 04:48:02,2020-08-08 04:47:54,US,7541,0
2011-08-30 17:16:40,2025-08-30 17:16:40,US,3135,0
2013-03-19 20:03:25,2021-03-19 20:03:25,EG,2568,0
2003-10-12 22:23:19,2021-10-12 22:23:19,US,6014,1
2010-06-22 06:38:59,2023-06-22 06:38:59,CN,3570,1
2001-11-12 18:57:03,2021-11-12 18:57:03,US,6713,1
2002-03-05 03:25:18,2021-03-05 03:25:18,US,6601,0
2010-06-22 06:38:59,2023-06-22 06:38:59,CN,3570,1
,,,0,0
2008-06-25 09:24:11,2020-06-25 09:24:11,CN,4297,1
,,,0,1
2010-06-22 06:38:59,2023-06-22 06:38:59,CN,3570,1
,,,0,0
2013-02-27 09:47:42,2021-02-27 09:47:41,,2589,0
2001-10-21 19:11:37,2020-10-21 19:11:37,US,6735,0
1993-09-30 04:00:00,2025-09-29 04:00:00,US,9679,0
2003-10-12 22:23:19,2021-10-12 22:23:19,US,6014,1
2010-06-22 06:38:59,2023-06-22 06:38:59,CN,3570,1
,,,0,0
2020-03-05 20:19:59,2021-03-05 20:19:59,CN,25,1
2008-03-04 11:48:53,2021-03-04 11:48:53,US,4410,1
2010-06-22 06:38:59,2023-06-22 06:38:59,CN,3570,1
1998-07-11 04:00:00,2020-07-10 04:00:00,US,7934,0
2010-12-03 12:08:35,2023-12-03 12:08:35,BS,3406,0
2016-02-01 08:31:34,2021-02-01 08:31:34,US,1520,1
,,,0,1
2009-12-21 01:20:46,2020-12-21 01:20:46,CN,3753,1
2010-06-22 06:38:59,2023-06-22 06:38:59,CN,3570,1
2017-08-06 18:26:17,2020-08-06 18:26:17,US,967,0
2011-04-29 11:29:16,2020-04-29 11:29:16,US,3259,0
2020-01-21 08:07:50,2021-01-21 08:07:50,PH,70,1
2009-07-22 13:57:42,2022-07-22 13:57:42,,3905,1
2011-11-17 17:30:17,2022-11-17 17:30:17,FR,3056,0
2014-09-26 19:13:12,2020-09-26 19:13:12,CN,2012,1
2010-06-22 06:38:59,2023-06-22 06:38:59,CN,3570,1
2010-06-22 06:38:59,2023-06-22 06:38:59,CN,3570,1
2001-11-12 18:57:03,2021-11-12 18:57:03,US,6713,1
2008-02-04 19:59:11,2021-02-04 19:59:11,US,4438,0
2011-02-19 09:49:41,2023-02-19 09:49:41,PA,3328,0
2010-06-22 06:38:59,2023-06-22 06:38:59,CN,3570,1
2001-01-19 14:30:44,2021-01-19 14:30:44,JP,7011,0
2016-08-08 18:53:41,2020-08-08 18:53:41,CN,1330,1
2013-01-29 09:58:25,2021-01-29 09:58:25,US,2618,0
2010-06-22 06:38:59,2023-06-22 06:38:59,CN,3570,1
2015-03-24 07:05:16,2021-03-24 07:05:16,US,1834,0
,,,0,0
,2028-06-17 00:00:00,,0,0
,,,0,1
,,,0,1
2004-06-20 18:57:38,2020-06-20 18:57:38,US,5762,0
2014-11-03 12:17:56,2021-11-03 12:17:56,US,1975,1
1991-05-02 04:00:00,2021-05-03 04:00:00,US,10561,1
,,,0,0
2010-03-11 20:09:19,2021-03-11 19:09:19,,3672,1
2010-06-22 06:38:59,2023-06-22 06:38:59,CN,3570,1
,,,0,1
2010-06-22 06:38:59,2023-06-22 06:38:59,CN,3570,1
,,,0,0
2008-08-02 19:06:27,2020-08-02 19:06:27,PA,4258,0
2010-06-22 06:38:59,2023-06-22 06:38:59,CN,3570,1
,,,0,1
2009-11-24 05:41:20,2020-11-24 05:41:20,CN,3780,1
2015-02-09 18:46:12,2021-02-09 18:46:12,FR,1876,0
2010-07-30 23:46:41,2021-02-02 11:59:59,US,3531,0
2020-02-16 21:07:51,2025-02-16 21:07:51,AE,43,1
2003-08-29 10:57:54,2023-08-29 10:57:54,CN,6059,1
2010-06-22 06:38:59,2023-06-22 06:38:59,CN,3570,1
2013-01-29 09:58:25,2021-01-29 09:58:25,US,2618,0
2016-06-27 04:48:43,2020-06-27 04:48:43,IN,1373,1
2015-02-09 18:46:12,2021-02-09 18:46:12,FR,1876,0
,,,0,0
2013-01-29 09:58:25,2021-01-29 09:58:25,US,2618,0
2003-04-09 15:02:30,2020-04-09 15:02:30,DE,6201,0
,,,0,1
2007-11-27 03:49:29,2021-11-27 03:49:29,AU,4508,0
2006-07-26 20:57:04,2020-07-26 20:57:04,US,4996,0
2020-02-16 21:07:51,2025-02-16 21:07:51,AE,43,1
,,,0,0
2002-05-20 18:06:29,2023-05-20 18:06:29,IN,6524,0
2013-08-16 03:38:05,2021-08-16 03:38:05,HK,2419,1
2010-12-03 12:08:35,2023-12-03 12:08:35,BS,3406,0
2014-04-02 02:15:54,2020-04-02 02:15:54,CN,2190,1
2003-10-12 22:23:19,2021-10-12 22:23:19,US,6014,1
2010-06-22 06:38:59,2023-06-22 06:38:59,CN,3570,1
2010-06-22 06:38:59,2023-06-22 06:38:59,CN,3570,1
2010-06-22 06:38:59,2023-06-22 06:38:59,CN,3570,1
2020-02-16 21:07:51,2025-02-16 21:07:51,AE,43,1
2008-10-08 07:01:33,2020-10-08 07:01:33,PA,4192,1
2014-11-03 12:17:56,2021-11-03 12:17:56,US,1975,1
,,,0,0
2010-06-22 06:38:59,2023-06-22 06:38:59,CN,3570,1
,,,0,0
2014-12-31 06:05:20,2021-12-31 06:05:20,US,1917,1
2010-06-22 06:38:59,2023-06-22 06:38:59,CN,3570,1
2005-03-14 18:41:22,2021-03-14 17:41:22,US,5495,0
2013-03-19 20:03:25,2021-03-19 20:03:25,EG,2568,0
2004-06-27 18:28:40,2020-06-27 18:28:40,CN,5755,0
2010-03-10 21:28:12,2023-03-10 21:28:12,US,3673,0
2001-05-11 00:00:00,2027-05-11 00:00:00,,6899,1
,,,0,0
2007-04-02 12:48:32,2021-04-02 12:48:32,CY,4747,0
2010-06-22 06:38:59,2023-06-22 06:38:59,CN,3570,1
2014-11-03 12:17:56,2021-11-03 12:17:56,US,1975,1
2011-04-29 11:29:16,2020-04-29 11:29:16,US,3259,0
2004-06-14 17:25:27,2020-06-14 17:25:27,,5768,0
2010-01-30 20:44:17,2021-01-30 20:44:17,,3712,1
,,,0,0
2003-08-29 10:57:54,2023-08-29 10:57:54,CN,6059,1
2014-07-05 18:43:20,2021-07-05 18:43:20,US,2095,1
2010-06-22 06:38:59,2023-06-22 06:38:59,CN,3570,1
,2028-06-17 00:00:00,,0,0
2010-06-22 06:38:59,2023-06-22 06:38:59,CN,3570,1
2013-05-15 09:38:07,2020-05-15 09:38:07,US,2512,1
2009-12-21 01:20:46,2020-12-21 01:20:46,CN,3753,1
2014-08-07 22:10:14,2020-08-07 22:10:14,US,2062,1
,,,0,0
2012-07-19 22:45:03,2020-07-19 22:45:03,RU,2811,1
2015-04-04 11:44:50,2022-04-04 11:44:50,US,1823,1
2004-06-14 17:25:27,2020-06-14 17:25:27,,5768,0
2010-06-22 06:38:59,2023-06-22 06:38:59,CN,3570,1
1998-09-10 04:00:00,2021-09-09 04:00:00,,7873,0
2010-06-22 06:38:59,2023-06-22 06:38:59,CN,3570,1
2010-06-22 06:38:59,2023-06-22 06:38:59,CN,3570,1
2003-08-29 10:57:54,2023-08-29 10:57:54,CN,6059,1
1996-07-16 04:00:00,2021-07-15 04:00:00,,8659,0
2007-11-11 17:24:08,2020-06-23 03:59:59,PA,4523,0
2005-02-15 05:13:12,2021-02-15 05:13:12,US,5523,1
2017-08-06 18:26:17,2020-08-06 18:26:17,US,967,0
2014-12-31 06:05:20,2021-12-31 06:05:20,US,1917,1
2010-06-22 06:38:59,2023-06-22 06:38:59,CN,3570,1
2009-12-21 01:20:46,2020-12-21 01:20:46,CN,3753,1
1993-09-30 04:00:00,2025-09-29 04:00:00,US,9679,0
2010-06-22 06:38:59,2023-06-22 06:38:59,CN,3570,1
,,,0,0
2013-02-27 09:47:42,2021-02-27 09:47:41,,2589,0
2013-03-19 20:03:25,2021-03-19 20:03:25,EG,2568,0
2002-05-20 18:06:29,2023-05-20 18:06:29,IN,6524,0
,,,0,0
2008-03-19 18:43:06,2020-10-22 03:59:59,US,4394,0
2013-06-16 02:38:02,2021-06-16 02:38:02,US,2480,1
2011-04-29 11:29:16,2020-04-29 11:29:16,US,3259,0
1998-12-30 05:00:00,2021-12-30 05:00:00,US,7762,0
2013-03-19 20:03:25,2021-03-19 20:03:25,EG,2568,0
,,,0,1
2000-08-15 13:59:57,2022-08-15 13:59:57,,7168,0
2010-04-04 20:54:03,2020-04-04 20:54:03,IL,3648,0
2005-02-07 04:35:25,2022-02-07 04:35:25,US,5531,0
2014-07-05 18:43:20,2021-07-05 18:43:20,US,2095,1
2010-06-22 06:38:59,2023-06-22 06:38:59,CN,3570,1
2010-06-22 06:38:59,2023-06-22 06:38:59,CN,3570,1
,,,0,1
2011-04-29 11:29:16,2020-04-29 11:29:16,US,3259,0
2018-06-25 05:49:58,2020-06-25 05:49:58,CN,645,1
2009-10-22 02:06:38,2022-10-22 02:06:38,REDACTED FOR PRIVACY,3813,1
2006-01-26 21:09:47,2021-01-26 21:09:47,RU,5177,0
,,,0,0
,,,0,0
2013-01-29 09:58:25,2021-01-29 09:58:25,US,2618,0
2008-03-04 11:48:53,2021-03-04 11:48:53,US,4410,1
2011-04-29 11:29:16,2020-04-29 11:29:16,US,3259,0
2007-11-27 03:49:29,2021-11-27 03:49:29,AU,4508,0
2017-05-20 18:31:08,2020-05-20 18:31:08,REDACTED FOR PRIVACY,1045,1
1997-06-12 04:00:00,2020-06-11 04:00:00,US,8328,0
2011-08-30 17:16:40,2025-08-30 17:16:40,US,3136,0
2009-10-29 02:40:57,2021-10-29 02:40:57,AU,3806,0
2005-07-19 14:50:34,2026-07-19 14:50:34,US,5369,0
2010-07-09 04:22:14,2026-07-09 04:22:14,CN,3553,1
,2021-01-15 00:00:00,,0,1
1995-07-16 04:00:00,2021-07-15 04:00:00,,9025,0
2010-06-22 06:38:59,2023-06-22 06:38:59,CN,3570,1
2010-06-22 06:38:59,2023-06-22 06:38:59,CN,3570,1
2010-06-22 06:38:59,2023-06-22 06:38:59,CN,3570,1
2017-05-20 18:31:08,2020-05-20 18:31:08,REDACTED FOR PRIVACY,1045,1
2011-02-03 06:10:08,2021-02-03 06:10:08,US,3344,0
1998-07-11 04:00:00,2020-07-10 04:00:00,US,7934,0
2008-03-13 11:09:23,2021-03-13 11:09:23,US,4401,1
2015-06-08 06:40:44,2020-06-08 06:40:44,US,1758,1
2010-06-22 06:38:59,2023-06-22 06:38:59,CN,3570,1
2010-06-22 06:38:59,2023-06-22 06:38:59,CN,3570,1
,,,0,0
2012-05-07 16:08:16,2020-05-07 16:08:16,CA,2885,1
2010-06-22 06:38:59,2023-06-22 06:38:59,CN,3570,1
,,,0,1
2003-08-29 10:57:54,2023-08-29 10:57:54,CN,6059,1
2010-06-22 06:38:59,2023-06-22 06:38:59,CN,3570,1
,,,0,0
2019-10-11 18:49:53,2020-10-11 18:49:53,,171,0
2010-06-22 06:38:59,2023-06-22 06:38:59,CN,3570,1
2004-06-20 18:57:38,2020-06-20 18:57:38,US,5762,0
2010-06-22 06:38:59,2023-06-22 06:38:59,CN,3570,1
,,,0,1
,,,0,0
2004-11-19 05:50:20,2021-11-19 05:50:20,PA,5611,0
2019-04-10 02:25:01,2020-04-10 02:25:01,REDACTED FOR PRIVACY,356,1
2005-12-31 04:47:04,2026-12-31 04:47:04,us,5204,0
1998-05-27 04:00:00,2020-05-26 04:00:00,US,7979,0
,,,0,1
2000-01-21 16:28:17,2021-01-21 16:28:17,US,7375,0
,,,0,0
2004-08-06 09:10:57,2021-08-06 09:10:57,,5716,1
,,,0,0
1999-09-29 06:03:23,2020-09-29 06:03:14,US,7489,0
1996-02-11 05:00:00,2022-02-12 05:00:00,KR,8815,0
2008-09-16 13:28:35,2020-09-19 00:00:00,,4214,0
2005-07-19 14:50:34,2026-07-19 14:50:34,US,5369,0
,,,0,0
1999-10-14 21:08:09,2020-10-14 21:08:09,US,7473,1
2003-10-12 22:23:19,2021-10-12 22:23:19,US,6014,1
,,,0,0
1999-08-08 04:48:02,2020-08-08 04:47:54,US,7541,0
1997-06-12 04:00:00,2020-06-11 04:00:00,US,8328,0
2020-02-16 21:07:51,2025-02-16 21:07:51,AE,43,1
2010-04-04 20:54:03,2020-04-04 20:54:03,IL,3648,0
,,,0,1
,,,0,0
2011-11-28 12:25:06,2020-11-28 12:25:06,ZA,3046,1
2008-08-02 19:06:27,2020-08-02 19:06:27,PA,4258,0
,,,0,0
2010-06-22 06:38:59,2023-06-22 06:38:59,CN,3570,1
2012-07-10 08:24:05,2021-07-10 08:24:05,REDACTED FOR PRIVACY,2821,1
2010-06-22 06:38:59,2023-06-22 06:38:59,CN,3570,1
2004-06-20 18:57:38,2020-06-20 18:57:38,US,5762,0
2014-12-31 06:05:20,2021-12-31 06:05:20,US,1917,1
2013-01-29 09:58:25,2021-01-29 09:58:25,US,2618,0
,,,0,0
1995-07-16 04:00:00,2021-07-15 04:00:00,,9025,0
2012-07-19 22:45:03,2020-07-19 22:45:03,RU,2811,1
2008-10-24 07:14:28,2020-10-24 07:14:28,,4176,1
2012-07-19 22:45:03,2020-07-19 22:45:03,RU,2811,1
,,,0,1
2014-04-02 02:15:54,2020-04-02 02:15:54,CN,2190,1
1999-08-08 04:48:02,2020-08-08 04:47:54,US,7541,0
2009-02-07 19:41:59,2028-02-07 19:41:59,REDACTED FOR PRIVACY,4069,0
,2028-06-17 00:00:00,,0,0
1999-12-02 15:08:09,2020-12-02 15:08:09,US,7425,0
2014-07-04 07:35:02,2021-07-04 07:35:02,CN,2097,1
2010-06-22 06:38:59,2023-06-22 06:38:59,CN,3570,1
2005-06-10 22:56:20,2021-06-10 22:56:20,US,5407,0
2011-06-21 09:01:50,2020-06-21 09:01:50,DE,3206,1
,,,0,1
,,,0,1
2010-12-03 12:08:35,2023-12-03 12:08:35,BS,3406,0
,,,0,1
,,,0,1
2017-08-06 18:26:17,2020-08-06 18:26:17,US,967,0
,,,0,0
,,,0,1
2010-06-22 06:38:59,2023-06-22 06:38:59,CN,3570,1
2010-06-22 06:38:59,2023-06-22 06:38:59,CN,3570,1
2008-08-02 19:06:27,2020-08-02 19:06:27,PA,4258,0
2010-04-04 20:54:03,2020-04-04 20:54:03,IL,3648,0
2007-11-27 03:49:29,2021-11-27 03:49:29,AU,4508,0
2008-10-08 07:01:33,2020-10-08 07:01:33,PA,4192,1
2011-04-29 11:29:16,2020-04-29 11:29:16,US,3259,0
2017-05-20 18:31:08,2020-05-20 18:31:08,REDACTED FOR PRIVACY,1045,1
2010-06-22 06:38:59,2023-06-22 06:38:59,CN,3570,1
2010-06-22 06:38:59,2023-06-22 06:38:59,CN,3570,1
1998-01-09 05:00:00,2021-01-08 05:00:00,US,8117,0
2013-05-15 09:38:07,2020-05-15 09:38:07,US,2512,1
1999-10-27 13:00:00,2020-10-26 14:00:00,,7461,0
2010-06-22 06:38:59,2023-06-22 06:38:59,CN,3570,1
2017-08-12 12:31:48,2020-08-12 12:31:48,CN,962,1
2014-03-31 08:10:16,2023-03-31 08:10:16,US,2192,1
2008-08-02 19:06:27,2020-08-02 19:06:27,PA,4258,0
2003-08-29 10:57:54,2023-08-29 10:57:54,CN,6059,1
2019-09-25 18:28:52,2020-09-25 18:28:52,,187,1
2013-02-27 09:47:42,2021-02-27 09:47:41,,2589,0
2013-01-29 09:58:25,2021-01-29 09:58:25,US,2618,0
2019-10-11 18:49:53,2020-10-11 18:49:53,,171,0
,,,0,0
2020-02-16 21:07:51,2025-02-16 21:07:51,AE,43,1
1998-07-08 04:00:00,2020-07-07 04:00:00,JP,7937,0
2005-03-14 18:41:22,2021-03-14 17:41:22,US,5495,0
2011-04-29 11:29:16,2020-04-29 11:29:16,US,3259,0
2010-08-09 18:52:20,2021-08-09 18:52:20,CN,3521,1
1999-08-08 04:48:02,2020-08-08 04:47:54,US,7541,0
2013-02-26 16:02:42,2025-02-26 16:02:42,US,2590,0
2011-06-21 09:01:50,2020-06-21 09:01:50,DE,3206,1
2012-03-06 20:59:19,2021-03-06 20:59:19,CN,2946,1
1999-04-12 04:00:00,2028-04-12 04:00:00,,7659,0
2010-06-22 06:38:59,2023-06-22 06:38:59,CN,3570,1
2004-11-19 05:50:20,2021-11-19 05:50:20,PA,5611,0
2002-04-21 07:14:49,2020-04-21 07:14:49,CN,6554,1
2009-12-21 01:20:46,2020-12-21 01:20:46,CN,3753,1
2002-10-16 07:11:58,2020-10-16 07:11:58,PA,6376,0
2005-12-31 04:47:04,2026-12-31 04:47:04,us,5204,0
2003-10-31 19:24:33,2025-10-31 18:24:33,US,5995,1
2010-06-22 06:38:59,2023-06-22 06:38:59,CN,3570,1
1998-01-09 05:00:00,2021-01-08 05:00:00,US,8117,0
2010-06-22 06:38:59,2023-06-22 06:38:59,CN,3570,1
2014-12-31 06:05:20,2021-12-31 06:05:20,US,1917,1
1998-07-08 04:00:00,2020-07-07 04:00:00,JP,7937,0
1993-09-30 04:00:00,2025-09-29 04:00:00,US,9679,0
1998-09-10 04:00:00,2021-09-09 04:00:00,,7873,0
1996-09-29 04:00:00,2020-09-28 04:00:00,US,8584,0
2010-06-22 06:38:59,2023-06-22 06:38:59,CN,3570,1
,,,0,0
2014-04-02 02:15:54,2020-04-02 02:15:54,CN,2190,1
,,,0,0
2014-04-14 00:00:00,2020-05-18 00:00:00,,2178,1
2009-12-21 01:20:46,2020-12-21 01:20:46,CN,3753,1
2010-12-03 12:08:35,2023-12-03 12:08:35,BS,3406,0
2012-07-10 08:24:05,2021-07-10 08:24:05,REDACTED FOR PRIVACY,2821,1
1997-10-05 04:00:00,2020-10-04 04:00:00,US,8213,0
2010-06-22 06:38:59,2023-06-22 06:38:59,CN,3570,1
2019-10-11 18:49:53,2020-10-11 18:49:53,,171,0
2014-11-03 12:17:56,2021-11-03 12:17:56,US,1975,1
2010-06-22 06:38:59,2023-06-22 06:38:59,CN,3570,1
2009-12-21 01:20:46,2020-12-21 01:20:46,CN,3753,1
2006-05-20 05:28:50,2025-05-20 05:28:50,JP,5064,0
1995-07-16 04:00:00,2021-07-15 04:00:00,,9025,0
1998-09-10 04:00:00,2021-09-09 04:00:00,,7873,0
2008-03-19 18:43:06,2020-10-22 03:59:59,US,4394,0
2005-07-19 14:50:34,2026-07-19 14:50:34,US,5369,0
,,,0,1
2010-11-23 14:59:39,2020-11-23 14:59:39,,3416,0
2020-02-16 21:07:51,2025-02-16 21:07:51,AE,43,1
1998-09-10 04:00:00,2021-09-09 04:00:00,,7873,0
2010-06-22 06:38:59,2023-06-22 06:38:59,CN,3570,1
1995-11-01 05:00:00,2021-02-02 11:59:59,US,8917,0
2014-09-26 19:13:12,2020-09-26 19:13:12,CN,2012,1
2003-03-25 21:26:58,2021-03-25 20:26:58,US,6215,0
2003-10-12 22:23:19,2021-10-12 22:23:19,US,6014,1
2010-06-22 06:38:59,2023-06-22 06:38:59,CN,3570,1
2011-04-29 11:29:16,2020-04-29 11:29:16,US,3259,0
1996-08-30 04:00:00,2024-08-29 04:00:00,US,8614,0
2003-10-12 22:23:19,2021-10-12 22:23:19,US,6014,1
,,,0,0
2017-05-20 18:31:08,2020-05-20 18:31:08,REDACTED FOR PRIVACY,1045,1
,,,0,1
,,,0,0
2013-03-19 20:03:25,2021-03-19 20:03:25,EG,2568,0
2015-06-08 06:40:44,2020-06-08 06:40:44,US,1758,1
2013-12-09 00:00:00,2020-08-31 15:00:00,,2304,0
2011-04-29 11:29:16,2020-04-29 11:29:16,US,3259,0
1999-09-03 08:02:35,2020-09-03 08:02:35,REDACTED FOR PRIVACY,7515,1
,,,0,0
1998-09-10 04:00:00,2021-09-09 04:00:00,,7873,0
,,,0,0
1995-07-16 04:00:00,2021-07-15 04:00:00,,9025,0
2015-06-08 06:40:44,2020-06-08 06:40:44,US,1758,1
2004-06-14 17:25:27,2020-06-14 17:25:27,,5768,0
2017-08-11 18:52:19,2020-08-11 18:52:19,CN,962,1
,,,0,0
2009-10-22 02:06:38,2022-10-22 02:06:38,REDACTED FOR PRIVACY,3813,1
2010-06-22 06:38:59,2023-06-22 06:38:59,CN,3570,1
,,,0,0
2010-06-22 06:38:59,2023-06-22 06:38:59,CN,3570,1
2010-12-03 12:08:35,2023-12-03 12:08:35,BS,3406,0
1997-11-24 05:00:00,2020-11-23 05:00:00,AU,8163,0
2010-06-22 06:38:59,2023-06-22 06:38:59,CN,3570,1
,,,0,0
2010-06-22 06:38:59,2023-06-22 06:38:59,CN,3570,1
2005-07-20 02:15:22,2021-07-20 02:15:22,REDACTED FOR PRIVACY,5368,0
2005-06-10 22:56:20,2021-06-10 22:56:20,US,5407,0
2011-04-29 11:29:16,2020-04-29 11:29:16,US,3259,0
2014-07-04 07:35:02,2021-07-04 07:35:02,CN,2097,1
,,,0,1
2010-06-22 06:38:59,2023-06-22 06:38:59,CN,3570,1
2018-06-25 05:49:58,2020-06-25 05:49:58,CN,645,1
2000-01-21 16:28:17,2021-01-21 16:28:17,US,7375,0
,,,0,0
2008-06-25 09:24:11,2020-06-25 09:24:11,CN,4297,1
2014-11-03 12:17:56,2021-11-03 12:17:56,US,1975,1
2013-01-29 09:58:25,2021-01-29 09:58:25,US,2618,0
2014-04-02 02:15:54,2020-04-02 02:15:54,CN,2190,1
2010-06-22 06:38:59,2023-06-22 06:38:59,CN,3570,1
2010-06-22 06:38:59,2023-06-22 06:38:59,CN,3570,1
2011-04-29 11:29:16,2020-04-29 11:29:16,US,3259,0
2020-02-16 21:07:51,2025-02-16 21:07:51,AE,43,1
,,,0,0
2010-06-22 06:38:59,2023-06-22 06:38:59,CN,3570,1
,,,0,1
2013-03-19 20:03:25,2021-03-19 20:03:25,EG,2568,0
1996-02-22 05:00:00,2023-02-23 05:00:00,,8804,0
2010-11-23 14:59:39,2020-11-23 14:59:39,,3416,0
,,,0,0
1998-05-27 04:00:00,2020-05-26 04:00:00,US,7979,0
2017-05-20 18:31:08,2020-05-20 18:31:08,REDACTED FOR PRIVACY,1045,1
,,,0,1
2011-08-30 17:16:40,2025-08-30 17:16:40,US,3136,0
2010-06-22 06:38:59,2023-06-22 06:38:59,CN,3570,1
2014-11-03 12:17:56,2021-11-03 12:17:56,US,1975,1
2008-03-19 18:43:06,2020-10-22 03:59:59,US,4394,0
2013-12-09 00:00:00,2020-08-31 15:00:00,,2304,0
,,,0,1
2010-06-22 06:38:59,2023-06-22 06:38:59,CN,3570,1
2004-06-20 18:57:38,2020-06-20 18:57:38,US,5762,0
2010-06-22 06:38:59,2023-06-22 06:38:59,CN,3570,1
2009-12-21 01:20:46,2020-12-21 01:20:46,CN,3753,1
2011-04-14 15:24:51,2022-04-14 15:24:51,US,3274,0
,,,0,0
2011-04-29 11:29:16,2020-04-29 11:29:16,US,3259,0
2020-02-16 21:07:51,2025-02-16 21:07:51,AE,43,1
2002-04-21 07:14:49,2020-04-21 07:14:49,CN,6554,1
2010-06-22 06:38:59,2023-06-22 06:38:59,CN,3570,1
2010-03-11 20:09:19,2021-03-11 19:09:19,,3672,1
,,,0,1
2010-06-22 06:38:59,2023-06-22 06:38:59,CN,3570,1
2010-08-03 17:50:54,2021-01-24 11:59:59,US,3527,0
2008-08-02 19:06:27,2020-08-02 19:06:27,PA,4258,0
1996-09-29 04:00:00,2020-09-28 04:00:00,US,8584,0
2011-06-21 09:01:50,2020-06-21 09:01:50,DE,3206,1
2010-06-22 06:38:59,2023-06-22 06:38:59,CN,3570,1
2010-06-22 06:38:59,2023-06-22 06:38:59,CN,3570,1
2014-09-26 19:13:12,2020-09-26 19:13:12,CN,2012,1
,,,0,1
,,,0,1
2003-12-26 19:18:07,2021-02-02 11:59:59,US,5939,0
2010-06-22 06:38:59,2023-06-22 06:38:59,CN,3570,1
